UO ID,Sample Name,TAG species,Area,IS Area,Area Ratio,Retention Time,Relative RT,pmol,,LOQ<55pmol,,,,
T101,1,48:0,1.77E+04,2.40E+05,0.0736,11.07,0.93,677.4,,,,,,
T101,1,48:1,1.53E+04,2.40E+05,0.0637,10.53,0.88,584.5,,,,,,
T101,1,48:2,1.47E+04,2.40E+05,0.0612,9.91,0.83,561.0,,,,,,
T101,1,48:3,1.17E+04,2.40E+05,0.0489,9.27,0.78,445.5,,,,,,
T101,1,50:0,2.07E+04,2.40E+05,0.0863,11.65,0.98,796.7,,,,,,
T101,1,50:1,8.83E+04,2.40E+05,0.3683,11.16,0.94,3445.2,,,,,,
T101,1,50:2,1.08E+05,2.40E+05,0.4496,10.57,0.89,4208.7,,,,,,
T101,1,50:3,3.50E+04,2.40E+05,0.1459,9.98,0.84,1356.5,,,,,,
T101,1,50:4,1.36E+04,2.40E+05,0.0566,9.36,0.78,517.8,,,,,,
T101,1,52:0,6.70E+03,2.40E+05,0.028,12.21,1.02,249.2,,,,,,
T101,1,52:1,6.09E+04,2.40E+05,0.2539,11.76,0.99,2370.8,,,,,,
T101,1,52:2,1.82E+05,2.40E+05,0.7581,11.22,0.94,7106.1,,,,,,
T101,1,52:3,2.57E+05,2.40E+05,1.0739,10.66,0.89,10072.0,,,,,,
T101,1,52:4,1.83E+05,2.40E+05,0.7616,10.03,0.84,7139.0,,,,,,16
T101,1,52:5,4.35E+04,2.40E+05,0.1815,9.4,0.79,1690.8,,,,,,
T101,1,54:1,5.19E+03,2.40E+05,0.0216,12.26,1.03,189.1,,,,,,
T101,1,54:2,3.39E+04,2.40E+05,0.1412,11.8,0.99,1312.3,,,,,,
T101,1,54:3,9.77E+04,2.40E+05,0.4076,11.29,0.95,3814.3,,,,,,
T101,1,54:4,1.75E+05,2.40E+05,0.7318,10.73,0.9,6859.1,,,,,,
T101,1,54:5,1.96E+05,2.40E+05,0.8165,10.12,0.85,7654.6,,,,,,
T101,1,54:6,9.09E+04,2.40E+05,0.3794,9.45,0.79,3549.4,,,,,,
T101,1,56:2,7.33E+02,2.40E+05,0.0031,12.78,1.07,15.3,,,,,,
T101,1,56:3,1.82E+03,2.40E+05,0.0076,12.33,1.03,57.6,,,,,,
T101,1,56:4,4.90E+03,2.40E+05,0.0204,11.85,0.99,177.8,,,,,,
T101,1,56:5,1.14E+04,2.40E+05,0.0474,11.36,0.95,431.4,,,,,,
T101,1,56:6,2.46E+04,2.40E+05,0.1025,10.82,0.91,948.9,,,,,,
T101,1,56:7,4.07E+04,2.40E+05,0.1699,10.34,0.87,1581.9,,,,,,
T103,2,48:0,1.48E+04,2.80E+05,0.0527,11.08,0.93,481.1,,,,,,
T103,2,48:1,1.82E+04,2.80E+05,0.0649,10.52,0.88,595.7,,,,,,
T103,2,48:2,1.27E+04,2.80E+05,0.0454,9.92,0.83,412.6,,,,,,
T103,2,48:3,4.86E+03,2.80E+05,0.0174,9.25,0.77,149.6,,,,,,
T103,2,50:0,1.35E+04,2.80E+05,0.0483,11.68,0.98,439.8,,,,,,
T103,2,50:1,6.70E+04,2.80E+05,0.2393,11.19,0.93,2233.6,,,,,,
T103,2,50:2,8.89E+04,2.80E+05,0.3175,10.61,0.89,2968.1,,,,,,
T103,2,50:3,2.81E+04,2.80E+05,0.1003,10,0.83,928.2,,,,,,
T103,2,50:4,1.29E+04,2.80E+05,0.0462,9.35,0.78,420.1,,,,,,
T103,2,52:0,4.73E+03,2.80E+05,0.0169,12.22,1.02,144.9,,,,,,
T103,2,52:1,3.85E+04,2.80E+05,0.1375,11.78,0.98,1277.6,,,,,,
T103,2,52:2,1.35E+05,2.80E+05,0.482,11.26,0.94,4513.0,,,,,,
T103,2,52:3,1.76E+05,2.80E+05,0.6286,10.69,0.89,5889.9,,,,,,
T103,2,52:4,1.04E+05,2.80E+05,0.37,10.07,0.84,3461.2,,,,,,
T103,2,52:5,2.65E+04,2.80E+05,0.0946,9.4,0.78,874.7,,,,,,
T103,2,54:1,4.44E+03,2.80E+05,0.0159,12.3,1.03,135.5,,,,,,
T103,2,54:2,2.35E+04,2.80E+05,0.0838,11.82,0.99,773.2,,,,,,
T103,2,54:3,6.48E+04,2.80E+05,0.2313,11.32,0.95,2158.5,,,,,,
T103,2,54:4,1.10E+05,2.80E+05,0.3926,10.77,0.9,3673.4,,,,,,
T103,2,54:5,1.11E+05,2.80E+05,0.396,10.15,0.85,3705.3,,,,,,
T103,2,54:6,4.54E+04,2.80E+05,0.162,9.49,0.79,1507.7,,,,,,
T103,2,56:2,0,2.80E+05,0,0,0,-13.8,,,,,,
T103,2,56:3,9.90E+02,2.80E+05,0.0035,12.34,1.03,19.1,,,,,,
T103,2,56:4,2.66E+03,2.80E+05,0.0095,11.85,0.99,75.4,,,,,,
T103,2,56:5,7.60E+03,2.80E+05,0.0271,11.38,0.95,240.7,,,,,,
T103,2,56:6,1.30E+04,2.80E+05,0.0466,10.9,0.91,423.9,,,,,,
T103,2,56:7,2.06E+04,2.80E+05,0.0734,10.34,0.86,675.6,,,,,,
T104,3,48:0,8.73E+03,3.17E+05,0.0276,11.11,0.93,245.4,,,,,,
T104,3,48:1,1.14E+04,3.17E+05,0.0361,10.55,0.88,325.2,,,,,,
T104,3,48:2,1.80E+04,3.17E+05,0.0568,9.92,0.83,519.6,,,,,,
T104,3,48:3,9.35E+03,3.17E+05,0.0295,9.27,0.77,263.3,,,,,,
T104,3,50:0,1.18E+04,3.17E+05,0.0371,11.73,0.98,334.6,,,,,,
T104,3,50:1,5.31E+04,3.17E+05,0.1675,11.21,0.94,1559.3,,,,,,
T104,3,50:2,1.03E+05,3.17E+05,0.3251,10.63,0.89,3039.5,,,,,,
T104,3,50:3,5.07E+04,3.17E+05,0.16,10.03,0.84,1488.9,,,,,,
T104,3,50:4,1.64E+04,3.17E+05,0.0517,9.4,0.78,471.7,,,,,,
T104,3,52:0,5.27E+03,3.17E+05,0.0166,12.26,1.02,142.1,,,,,,
T104,3,52:1,3.85E+04,3.17E+05,0.1216,11.79,0.98,1128.2,,,,,,
T104,3,52:2,1.59E+05,3.17E+05,0.5017,11.28,0.94,4698.1,,,,,,
T104,3,52:3,2.45E+05,3.17E+05,0.7722,10.71,0.89,7238.5,,,,,,
T104,3,52:4,2.05E+05,3.17E+05,0.6473,10.09,0.84,6065.5,,,,,,
T104,3,52:5,5.48E+04,3.17E+05,0.1731,9.43,0.79,1611.9,,,,,,
T104,3,54:1,7.18E+03,3.17E+05,0.0227,12.33,1.03,199.4,,,,,,
T104,3,54:2,3.61E+04,3.17E+05,0.1141,11.86,0.99,1057.8,,,,,,
T104,3,54:3,8.98E+04,3.17E+05,0.2837,11.35,0.95,2650.6,,,,,,
T104,3,54:4,1.63E+05,3.17E+05,0.5144,10.78,0.9,4817.3,,,,,,
T104,3,54:5,1.93E+05,3.17E+05,0.6106,10.17,0.85,5720.8,,,,,,
T104,3,54:6,1.29E+05,3.17E+05,0.4084,9.5,0.79,3821.8,,,,,,
T104,3,56:2,4.59E+02,3.17E+05,0.0014,12.99,1.08,-0.7,,,,,,
T104,3,56:3,1.95E+03,3.17E+05,0.0061,12.38,1.03,43.5,,,,,,
T104,3,56:4,3.28E+03,3.17E+05,0.0104,11.94,1,83.9,,,,,,
T104,3,56:5,9.78E+03,3.17E+05,0.0309,11.41,0.95,276.4,,,,,,
T104,3,56:6,1.61E+04,3.17E+05,0.0509,10.87,0.91,464.2,,,,,,
T104,3,56:7,3.17E+04,3.17E+05,0.0999,10.42,0.87,924.4,,,,,,
T105,4,48:0,3.23E+04,3.19E+05,0.1015,11.15,0.93,939.5,,,,,,
T105,4,48:1,2.87E+04,3.19E+05,0.09,10.6,0.88,831.5,,,,,,
T105,4,48:2,3.90E+04,3.19E+05,0.1225,9.97,0.83,1136.7,,,,,,
T105,4,48:3,2.09E+04,3.19E+05,0.0657,9.35,0.78,603.2,,,,,,
T105,4,50:0,2.68E+04,3.19E+05,0.084,11.77,0.98,775.1,,,,,,
T105,4,50:1,1.76E+05,3.19E+05,0.5516,11.24,0.93,5166.7,,,,,,
T105,4,50:2,2.65E+05,3.19E+05,0.8323,10.65,0.89,7803.0,,,,,,
T105,4,50:3,1.28E+05,3.19E+05,0.4032,10.05,0.84,3773.0,,,,,,
T105,4,50:4,4.25E+04,3.19E+05,0.1335,9.41,0.78,1240.0,,,,,,
T105,4,52:0,8.28E+03,3.19E+05,0.026,12.28,1.02,230.4,,,,,,
T105,4,52:1,1.09E+05,3.19E+05,0.3414,11.82,0.98,3192.6,,,,,,
T105,4,52:2,3.99E+05,3.19E+05,1.2514,11.32,0.94,11739.1,,,,,,
T105,4,52:3,6.58E+05,3.19E+05,2.067,10.75,0.89,19399.0,,,,,,
T105,4,52:4,5.45E+05,3.19E+05,1.7108,10.11,0.84,16053.7,,,,,,
T105,4,52:5,1.50E+05,3.19E+05,0.471,9.47,0.79,4409.7,,,,,,
T105,4,54:1,8.31E+03,3.19E+05,0.0261,12.38,1.03,231.3,,,,,,
T105,4,54:2,6.86E+04,3.19E+05,0.2153,11.91,0.99,2008.2,,,,,,
T105,4,54:3,2.65E+05,3.19E+05,0.8315,11.39,0.95,7795.5,,,,,,
T105,4,54:4,4.94E+05,3.19E+05,1.55,10.83,0.9,14543.5,,,,,,
T105,4,54:5,5.57E+05,3.19E+05,1.749,10.2,0.85,16412.4,,,,,,
T105,4,54:6,3.34E+05,3.19E+05,1.0475,9.53,0.79,9824.1,,,,,,
T105,4,56:2,7.23E+02,3.19E+05,0.0023,13,1.08,7.8,,,,,,
T105,4,56:3,3.63E+03,3.19E+05,0.0114,12.42,1.03,93.3,,,,,,
T105,4,56:4,1.58E+04,3.19E+05,0.0497,11.94,0.99,453.0,,,,,,
T105,4,56:5,2.18E+04,3.19E+05,0.0685,11.44,0.95,629.5,,,,,,
T105,4,56:6,5.07E+04,3.19E+05,0.1591,10.91,0.91,1480.4,,,,,,
T105,4,56:7,6.43E+04,3.19E+05,0.202,10.38,0.86,1883.3,,,,,,
T106,5,48:0,1.46E+04,3.30E+05,0.0444,11.15,0.93,403.2,,,,,,
T106,5,48:1,1.36E+04,3.30E+05,0.0414,10.59,0.88,375.0,,,,,,
T106,5,48:2,2.12E+04,3.30E+05,0.0642,9.96,0.83,589.1,,,,,,
T106,5,48:3,1.92E+04,3.30E+05,0.0583,9.34,0.78,533.7,,,,,,
T106,5,50:0,1.04E+04,3.30E+05,0.0315,11.73,0.98,282.0,,,,,,
T106,5,50:1,7.57E+04,3.30E+05,0.2296,11.24,0.94,2142.5,,,,,,
T106,5,50:2,1.08E+05,3.30E+05,0.3282,10.65,0.89,3068.6,,,,,,
T106,5,50:3,4.68E+04,3.30E+05,0.142,10.05,0.84,1319.8,,,,,,
T106,5,50:4,1.51E+04,3.30E+05,0.0457,9.37,0.78,415.4,,,,,,
T106,5,52:0,2.85E+03,3.30E+05,0.0086,12.34,1.03,67.0,,,,,,
T106,5,52:1,3.59E+04,3.30E+05,0.109,11.82,0.98,1009.9,,,,,,
T106,5,52:2,1.79E+05,3.30E+05,0.5438,11.31,0.94,5093.4,,,,,,
T106,5,52:3,2.78E+05,3.30E+05,0.8427,10.72,0.89,7900.7,,,,,,
T106,5,52:4,1.94E+05,3.30E+05,0.5897,10.11,0.84,5524.5,,,,,,
T106,5,52:5,4.54E+04,3.30E+05,0.1378,9.45,0.79,1280.4,,,,,,
T106,5,54:1,4.09E+03,3.30E+05,0.0124,12.39,1.03,102.7,,,,,,
T106,5,54:2,3.27E+04,3.30E+05,0.0992,11.87,0.99,917.9,,,,,,
T106,5,54:3,1.20E+05,3.30E+05,0.364,11.37,0.95,3404.8,,,,,,
T106,5,54:4,1.91E+05,3.30E+05,0.5784,10.81,0.9,5418.4,,,,,,
T106,5,54:5,1.92E+05,3.30E+05,0.5814,10.19,0.85,5446.6,,,,,,
T106,5,54:6,8.76E+04,3.30E+05,0.2658,9.52,0.79,2482.5,,,,,,
T106,5,56:2,1.47E+03,3.30E+05,0.0045,12.88,1.07,28.5,,,,,,
T106,5,56:3,1.69E+03,3.30E+05,0.0051,12.47,1.04,34.1,,,,,,
T106,5,56:4,4.08E+03,3.30E+05,0.0124,11.93,0.99,102.7,,,,,,
T106,5,56:5,7.57E+03,3.30E+05,0.023,11.39,0.95,202.2,,,,,,
T106,5,56:6,1.48E+04,3.30E+05,0.0449,10.85,0.9,407.9,,,,,,
T106,5,56:7,1.51E+04,3.30E+05,0.0457,10.35,0.86,415.4,,,,,,
T107,6,48:0,2.63E+04,4.50E+05,0.0583,11.14,0.93,533.7,,,,,,
T107,6,48:1,3.49E+04,4.50E+05,0.0775,10.6,0.88,714.1,,,,,,
T107,6,48:2,3.32E+04,4.50E+05,0.0736,9.97,0.83,677.4,,,,,,
T107,6,48:3,1.79E+04,4.50E+05,0.0398,9.37,0.78,360.0,,,,,,
T107,6,50:0,2.59E+04,4.50E+05,0.0574,11.75,0.98,525.3,,,,,,
T107,6,50:1,1.52E+05,4.50E+05,0.3374,11.24,0.93,3155.0,,,,,,
T107,6,50:2,2.00E+05,4.50E+05,0.4445,10.64,0.88,4160.8,,,,,,
T107,6,50:3,6.78E+04,4.50E+05,0.1506,10.05,0.84,1400.6,,,,,,
T107,6,50:4,3.14E+04,4.50E+05,0.0697,9.4,0.78,640.8,,,,,,
T107,6,52:0,7.75E+03,4.50E+05,0.0172,12.28,1.02,147.7,,,,,,
T107,6,52:1,8.10E+04,4.50E+05,0.1799,11.83,0.98,1675.8,,,,,,
T107,6,52:2,2.85E+05,4.50E+05,0.6325,11.31,0.94,5926.5,,,,,,
T107,6,52:3,4.61E+05,4.50E+05,1.0243,10.74,0.89,9606.2,,,,,,
T107,6,52:4,3.22E+05,4.50E+05,0.7142,10.11,0.84,6693.8,,,,,,
T107,6,52:5,6.05E+04,4.50E+05,0.1343,9.47,0.79,1247.5,,,,,,
T107,6,54:1,5.24E+03,4.50E+05,0.0116,12.4,1.03,95.1,,,,,,
T107,6,54:2,6.26E+04,4.50E+05,0.139,11.89,0.99,1291.7,,,,,,
T107,6,54:3,1.84E+05,4.50E+05,0.409,11.38,0.95,3827.4,,,,,,
T107,6,54:4,3.46E+05,4.50E+05,0.7674,10.82,0.9,7193.5,,,,,,
T107,6,54:5,3.21E+05,4.50E+05,0.7116,10.2,0.85,6669.4,,,,,,
T107,6,54:6,1.51E+05,4.50E+05,0.3348,9.54,0.79,3130.6,,,,,,
T107,6,56:2,4.84E+02,4.50E+05,0.0011,12.8,1.06,-3.5,,,,,,
T107,6,56:3,2.81E+03,4.50E+05,0.0062,12.35,1.03,44.4,,,,,,
T107,6,56:4,8.81E+03,4.50E+05,0.0196,11.95,0.99,170.3,,,,,,
T107,6,56:5,1.83E+04,4.50E+05,0.0407,11.44,0.95,368.4,,,,,,
T107,6,56:6,2.96E+04,4.50E+05,0.0657,10.9,0.91,603.2,,,,,,
T107,6,56:7,5.37E+04,4.50E+05,0.1191,10.35,0.86,1104.8,,,,,,
T108,7,48:0,1.38E+04,3.63E+05,0.038,11.2,0.93,343.1,,,,,,
T108,7,48:1,1.21E+04,3.63E+05,0.0333,10.7,0.89,298.9,,,,,,
T108,7,48:2,1.13E+04,3.63E+05,0.0311,10.16,0.84,278.3,,,,,,
T108,7,48:3,1.17E+04,3.63E+05,0.0321,9.59,0.8,287.7,,,,,,
T108,7,50:0,1.28E+04,3.63E+05,0.0352,11.76,0.98,316.8,,,,,,
T108,7,50:1,6.20E+04,3.63E+05,0.1709,11.28,0.94,1591.3,,,,,,
T108,7,50:2,9.39E+04,3.63E+05,0.2588,10.76,0.89,2416.8,,,,,,
T108,7,50:3,4.48E+04,3.63E+05,0.1233,10.22,0.85,1144.2,,,,,,
T108,7,50:4,1.53E+04,3.63E+05,0.0422,9.62,0.8,382.5,,,,,,
T108,7,52:0,1.60E+03,3.63E+05,0.0044,12.28,1.02,27.5,,,,,,
T108,7,52:1,4.28E+04,3.63E+05,0.118,11.85,0.98,1094.4,,,,,,
T108,7,52:2,1.36E+05,3.63E+05,0.3749,11.36,0.94,3507.2,,,,,,
T108,7,52:3,2.26E+05,3.63E+05,0.6216,10.83,0.9,5824.1,,,,,,
T108,7,52:4,1.53E+05,3.63E+05,0.4216,10.26,0.85,3945.8,,,,,,
T108,7,52:5,4.06E+04,3.63E+05,0.1118,9.68,0.8,1036.2,,,,,,
T108,7,54:1,5.25E+03,3.63E+05,0.0145,12.38,1.03,122.4,,,,,,
T108,7,54:2,2.63E+04,3.63E+05,0.0725,11.91,0.99,667.1,,,,,,
T108,7,54:3,9.45E+04,3.63E+05,0.2602,11.42,0.95,2429.9,,,,,,
T108,7,54:4,1.82E+05,3.63E+05,0.5026,10.9,0.91,4706.5,,,,,,
T108,7,54:5,2.04E+05,3.63E+05,0.5633,10.33,0.86,5276.6,,,,,,
T108,7,54:6,1.24E+05,3.63E+05,0.3424,9.73,0.81,3201.9,,,,,,
T108,7,56:2,1.04E+03,3.63E+05,0.0029,12.67,1.05,13.4,,,,,,
T108,7,56:3,4.77E+02,3.63E+05,0.0013,12.5,1.04,-1.6,,,,,,
T108,7,56:4,2.94E+03,3.63E+05,0.0081,11.94,0.99,62.3,,,,,,
T108,7,56:5,1.39E+04,3.63E+05,0.0384,11.48,0.95,346.8,,,,,,
T108,7,56:6,2.49E+04,3.63E+05,0.0686,10.97,0.91,630.5,,,,,,
T108,7,56:7,4.29E+04,3.63E+05,0.1181,10.43,0.87,1095.4,,,,,,
T109,8,48:0,7.53E+03,4.30E+05,0.0175,11.2,0.93,150.6,,,,,,
T109,8,48:1,1.31E+04,4.30E+05,0.0304,10.65,0.88,271.7,,,,,,
T109,8,48:2,1.24E+04,4.30E+05,0.0289,10.05,0.83,257.6,,,,,,
T109,8,48:3,3.98E+03,4.30E+05,0.0092,9.44,0.78,72.6,,,,,,
T109,8,50:0,8.46E+03,4.30E+05,0.0197,11.79,0.98,171.2,,,,,,
T109,8,50:1,4.21E+04,4.30E+05,0.098,11.31,0.94,906.6,,,,,,
T109,8,50:2,5.47E+04,4.30E+05,0.1272,10.73,0.89,1180.8,,,,,,
T109,8,50:3,2.13E+04,4.30E+05,0.0494,10.15,0.84,450.1,,,,,,
T109,8,50:4,6.54E+03,4.30E+05,0.0152,9.4,0.78,128.9,,,,,,
T109,8,52:0,2.36E+03,4.30E+05,0.0055,12.31,1.02,37.8,,,,,,
T109,8,52:1,2.79E+04,4.30E+05,0.0649,11.9,0.98,595.7,,,,,,
T109,8,52:2,8.87E+04,4.30E+05,0.2063,11.39,0.94,1923.7,,,,,,
T109,8,52:3,1.18E+05,4.30E+05,0.2749,10.81,0.89,2568.0,,,,,,
T109,8,52:4,8.39E+04,4.30E+05,0.1952,10.18,0.84,1819.5,,,,,,
T109,8,52:5,2.02E+04,4.30E+05,0.0469,9.53,0.79,426.7,,,,,,
T109,8,54:1,8.65E+02,4.30E+05,0.002,12.45,1.03,5.0,,,,,,
T109,8,54:2,1.76E+04,4.30E+05,0.0409,11.97,0.99,370.3,,,,,,
T109,8,54:3,4.55E+04,4.30E+05,0.1059,11.45,0.95,980.8,,,,,,
T109,8,54:4,7.02E+04,4.30E+05,0.1634,10.88,0.9,1520.8,,,,,,
T109,8,54:5,5.82E+04,4.30E+05,0.1353,10.27,0.85,1256.9,,,,,,
T109,8,54:6,3.56E+04,4.30E+05,0.0827,9.6,0.79,762.9,,,,,,
T109,8,56:2,0,4.30E+05,0,0,0,-13.8,,,,,,
T109,8,56:3,2.40E+02,4.30E+05,0.0006,12.62,1.04,-8.2,,,,,,
T109,8,56:4,9.68E+02,4.30E+05,0.0023,11.96,0.99,7.8,,,,,,
T109,8,56:5,6.25E+03,4.30E+05,0.0145,11.51,0.95,122.4,,,,,,
T109,8,56:6,2.50E+03,4.30E+05,0.0058,10.95,0.91,40.7,,,,,,
T109,8,56:7,1.82E+04,4.30E+05,0.0423,10.53,0.87,383.5,,,,,,
T201,9,48:0,2.09E+04,4.19E+05,0.0499,11.41,0.93,454.8,,,,,,
T201,9,48:1,2.52E+04,4.19E+05,0.0601,10.88,0.89,550.6,,,,,,
T201,9,48:2,1.70E+04,4.19E+05,0.0407,10.26,0.83,368.4,,,,,,
T201,9,48:3,6.75E+03,4.19E+05,0.0161,9.55,0.78,137.4,,,,,,
T201,9,50:0,2.32E+04,4.19E+05,0.0553,12.01,0.98,505.6,,,,,,
T201,9,50:1,1.86E+05,4.19E+05,0.444,11.5,0.94,4156.1,,,,,,
T201,9,50:2,1.17E+05,4.19E+05,0.28,10.92,0.89,2615.9,,,,,,
T201,9,50:3,3.04E+04,4.19E+05,0.0725,10.34,0.84,667.1,,,,,,
T201,9,50:4,7.78E+03,4.19E+05,0.0186,9.7,0.79,160.9,,,,,,
T201,9,52:0,8.58E+03,4.19E+05,0.0205,12.61,1.03,178.7,,,,,,
T201,9,52:1,1.30E+05,4.19E+05,0.3111,12.11,0.98,2908.0,,,,,,
T201,9,52:2,3.97E+05,4.19E+05,0.9493,11.59,0.94,8901.8,,,,,,
T201,9,52:3,3.32E+05,4.19E+05,0.793,11.01,0.9,7433.9,,,,,,
T201,9,52:4,1.05E+05,4.19E+05,0.2515,10.39,0.85,2348.2,,,,,,
T201,9,52:5,1.07E+04,4.19E+05,0.0256,9.73,0.79,226.6,,,,,,
T201,9,54:1,2.62E+04,4.19E+05,0.0626,12.62,1.03,574.1,,,,,,
T201,9,54:2,1.17E+05,4.19E+05,0.28,12.18,0.99,2615.9,,,,,,
T201,9,54:3,3.13E+05,4.19E+05,0.7476,11.67,0.95,7007.5,,,,,,
T201,9,54:4,3.56E+05,4.19E+05,0.8506,11.1,0.9,7974.8,,,,,,
T201,9,54:5,1.80E+05,4.19E+05,0.4295,10.47,0.85,4020.0,,,,,,
T201,9,54:6,4.35E+04,4.19E+05,0.104,9.82,0.8,962.9,,,,,,
T201,9,56:2,7.14E+03,4.19E+05,0.0171,13.14,1.07,146.8,,,,,,
T201,9,56:3,1.70E+04,4.19E+05,0.0406,12.7,1.03,367.5,,,,,,
T201,9,56:4,1.94E+04,4.19E+05,0.0462,12.22,0.99,420.1,,,,,,
T201,9,56:5,3.58E+04,4.19E+05,0.0856,11.69,0.95,790.1,,,,,,
T201,9,56:6,5.28E+04,4.19E+05,0.1262,11.34,0.92,1171.4,,,,,,
T201,9,56:7,6.32E+04,4.19E+05,0.151,10.76,0.88,1404.4,,,,,,
T202,10,48:0,3.28E+04,3.83E+05,0.0856,11.15,0.93,790.1,,,,,,
T202,10,48:1,6.25E+04,3.83E+05,0.163,10.58,0.88,1517.1,,,,,,
T202,10,48:2,3.97E+04,3.83E+05,0.1036,9.99,0.83,959.2,,,,,,
T202,10,48:3,3.04E+04,3.83E+05,0.0793,9.34,0.78,731.0,,,,,,
T202,10,50:0,3.73E+04,3.83E+05,0.0973,11.75,0.98,900.0,,,,,,
T202,10,50:1,2.82E+05,3.83E+05,0.7354,11.24,0.93,6892.9,,,,,,
T202,10,50:2,2.03E+05,3.83E+05,0.5301,10.66,0.89,4964.8,,,,,,
T202,10,50:3,6.12E+04,3.83E+05,0.1596,10.08,0.84,1485.1,,,,,,
T202,10,50:4,1.27E+04,3.83E+05,0.0332,9.46,0.79,298.0,,,,,,
T202,10,52:0,1.03E+04,3.83E+05,0.027,12.31,1.02,239.8,,,,,,
T202,10,52:1,1.65E+05,3.83E+05,0.4299,11.82,0.98,4023.7,,,,,,
T202,10,52:2,5.15E+05,3.83E+05,1.3428,11.32,0.94,12597.5,,,,,,
T202,10,52:3,3.83E+05,3.83E+05,1.0004,10.75,0.89,9381.7,,,,,,
T202,10,52:4,1.45E+05,3.83E+05,0.3781,10.12,0.84,3537.2,,,,,,
T202,10,52:5,1.44E+04,3.83E+05,0.0376,9.5,0.79,339.3,,,,,,
T202,10,54:1,2.00E+04,3.83E+05,0.0521,12.36,1.03,475.5,,,,,,
T202,10,54:2,1.46E+05,3.83E+05,0.3802,11.91,0.99,3557.0,,,,,,
T202,10,54:3,3.31E+05,3.83E+05,0.8649,11.4,0.95,8109.2,,,,,,
T202,10,54:4,3.31E+05,3.83E+05,0.8634,10.83,0.9,8095.1,,,,,,
T202,10,54:5,2.07E+05,3.83E+05,0.5406,10.2,0.85,5063.4,,,,,,
T202,10,54:6,2.89E+04,3.83E+05,0.0755,9.53,0.79,695.3,,,,,,
T202,10,56:2,4.49E+03,3.83E+05,0.0117,12.86,1.07,96.1,,,,,,
T202,10,56:3,1.20E+04,3.83E+05,0.0314,12.42,1.03,281.1,,,,,,
T202,10,56:4,1.50E+04,3.83E+05,0.0393,11.95,0.99,355.3,,,,,,
T202,10,56:5,2.89E+04,3.83E+05,0.0754,11.42,0.95,694.3,,,,,,
T202,10,56:6,6.17E+04,3.83E+05,0.161,10.99,0.91,1498.3,,,,,,
T202,10,56:7,7.46E+04,3.83E+05,0.1946,10.45,0.87,1813.8,,,,,,
T203,11,48:0,4.42E+04,4.70E+05,0.094,11.13,0.93,869.0,,,,,,
T203,11,48:1,1.23E+05,4.70E+05,0.2623,10.6,0.88,2449.7,,,,,,
T203,11,48:2,9.96E+04,4.70E+05,0.2119,9.98,0.83,1976.3,,,,,,
T203,11,48:3,3.88E+04,4.70E+05,0.0826,9.32,0.78,762.0,,,,,,
T203,11,50:0,3.44E+04,4.70E+05,0.0731,11.72,0.98,672.7,,,,,,
T203,11,50:1,4.19E+05,4.70E+05,0.8919,11.23,0.93,8362.7,,,,,,
T203,11,50:2,3.94E+05,4.70E+05,0.8392,10.66,0.89,7867.8,,,,,,
T203,11,50:3,1.87E+05,4.70E+05,0.3983,10.06,0.84,3726.9,,,,,,
T203,11,50:4,3.40E+04,4.70E+05,0.0723,9.39,0.78,665.2,,,,,,
T203,11,52:0,1.01E+04,4.70E+05,0.0215,12.28,1.02,188.1,,,,,,
T203,11,52:1,2.69E+05,4.70E+05,0.572,11.83,0.98,5358.3,,,,,,
T203,11,52:2,8.16E+05,4.70E+05,1.7353,11.33,0.94,16283.8,,,,,,
T203,11,52:3,6.79E+05,4.70E+05,1.4452,10.74,0.89,13559.2,,,,,,
T203,11,52:4,2.35E+05,4.70E+05,0.4992,10.13,0.84,4674.6,,,,,,
T203,11,52:5,4.21E+04,4.70E+05,0.0896,9.46,0.79,827.7,,,,,,
T203,11,54:1,2.89E+04,4.70E+05,0.0615,12.39,1.03,563.8,,,,,,
T203,11,54:2,2.17E+05,4.70E+05,0.4611,11.9,0.99,4316.7,,,,,,
T203,11,54:3,4.43E+05,4.70E+05,0.9434,11.41,0.95,8846.4,,,,,,
T203,11,54:4,3.83E+05,4.70E+05,0.815,10.83,0.9,7640.5,,,,,,
T203,11,54:5,2.22E+05,4.70E+05,0.4731,10.21,0.85,4429.4,,,,,,
T203,11,54:6,4.10E+04,4.70E+05,0.0872,9.53,0.79,805.2,,,,,,
T203,11,56:2,2.15E+03,4.70E+05,0.0046,12.88,1.07,29.4,,,,,,
T203,11,56:3,1.24E+04,4.70E+05,0.0263,12.43,1.03,233.2,,,,,,
T203,11,56:4,2.95E+04,4.70E+05,0.0627,11.96,1,575.1,,,,,,
T203,11,56:5,2.73E+04,4.70E+05,0.058,11.43,0.95,530.9,,,,,,
T203,11,56:6,5.47E+04,4.70E+05,0.1164,10.98,0.91,1079.4,,,,,,
T203,11,56:7,6.20E+04,4.70E+05,0.1319,10.43,0.87,1225.0,,,,,,
T204,12,48:0,5.30E+04,3.77E+05,0.1408,11.16,0.93,1308.6,,,,,,
T204,12,48:1,1.94E+05,3.77E+05,0.5157,10.6,0.88,4829.5,,,,,,
T204,12,48:2,1.30E+05,3.77E+05,0.3448,9.99,0.83,3224.5,,,,,,
T204,12,48:3,4.69E+04,3.77E+05,0.1246,9.34,0.78,1156.4,,,,,,
T204,12,50:0,4.27E+04,3.77E+05,0.1134,11.75,0.98,1051.2,,,,,,
T204,12,50:1,4.44E+05,3.77E+05,1.1793,11.24,0.93,11061.9,,,,,,
T204,12,50:2,4.62E+05,3.77E+05,1.2263,10.69,0.89,11503.3,,,,,,
T204,12,50:3,2.07E+05,3.77E+05,0.5487,10.08,0.84,5139.5,,,,,,
T204,12,50:4,3.04E+04,3.77E+05,0.0807,9.42,0.78,744.1,,,,,,
T204,12,52:0,1.16E+04,3.77E+05,0.0309,12.27,1.02,276.4,,,,,,
T204,12,52:1,3.90E+05,3.77E+05,1.035,11.84,0.98,9706.7,,,,,,
T204,12,52:2,1.25E+06,3.77E+05,3.3036,11.34,0.94,31012.9,,,,,,
T204,12,52:3,8.42E+05,3.77E+05,2.2359,10.76,0.89,20985.3,,,,,,
T204,12,52:4,2.54E+05,3.77E+05,0.6747,10.14,0.84,6322.8,,,,,,
T204,12,52:5,3.21E+04,3.77E+05,0.0853,9.49,0.79,787.3,,,,,,
T204,12,54:1,4.52E+04,3.77E+05,0.12,12.38,1.03,1113.2,,,,,,
T204,12,54:2,2.35E+05,3.77E+05,0.6226,11.92,0.99,5833.5,,,,,,
T204,12,54:3,4.43E+05,3.77E+05,1.1766,11.42,0.95,11036.6,,,,,,
T204,12,54:4,3.51E+05,3.77E+05,0.9314,10.85,0.9,8733.7,,,,,,
T204,12,54:5,1.64E+05,3.77E+05,0.4357,10.23,0.85,4078.2,,,,,,
T204,12,54:6,2.61E+04,3.77E+05,0.0693,9.57,0.8,637.0,,,,,,
T204,12,56:2,3.14E+03,3.77E+05,0.0083,12.9,1.07,64.1,,,,,,
T204,12,56:3,1.77E+04,3.77E+05,0.0468,12.46,1.03,425.7,,,,,,
T204,12,56:4,2.61E+04,3.77E+05,0.0692,11.96,0.99,636.1,,,,,,
T204,12,56:5,2.09E+04,3.77E+05,0.0553,11.46,0.95,505.6,,,,,,
T204,12,56:6,4.45E+04,3.77E+05,0.118,10.99,0.91,1094.4,,,,,,
T204,12,56:7,4.75E+04,3.77E+05,0.1261,10.47,0.87,1170.5,,,,,,
T205,13,48:0,5.30E+04,4.35E+05,0.1221,11.15,0.93,1132.9,,,,,,
T205,13,48:1,9.93E+04,4.35E+05,0.2286,10.6,0.88,2133.2,,,,,,
T205,13,48:2,6.16E+04,4.35E+05,0.1419,10,0.83,1318.9,,,,,,
T205,13,48:3,3.57E+04,4.35E+05,0.0822,9.32,0.78,758.2,,,,,,
T205,13,50:0,5.50E+04,4.35E+05,0.1266,11.76,0.98,1175.2,,,,,,
T205,13,50:1,3.78E+05,4.35E+05,0.8708,11.25,0.93,8164.6,,,,,,
T205,13,50:2,3.03E+05,4.35E+05,0.6984,10.68,0.89,6545.4,,,,,,
T205,13,50:3,1.17E+05,4.35E+05,0.2692,10.07,0.84,2514.5,,,,,,
T205,13,50:4,1.99E+04,4.35E+05,0.0458,9.43,0.78,416.3,,,,,,
T205,13,52:0,1.18E+04,4.35E+05,0.0271,12.28,1.02,240.7,,,,,,
T205,13,52:1,2.52E+05,4.35E+05,0.5794,11.83,0.98,5427.8,,,,,,
T205,13,52:2,6.85E+05,4.35E+05,1.5769,11.33,0.94,14796.1,,,,,,
T205,13,52:3,5.60E+05,4.35E+05,1.2882,10.75,0.89,12084.7,,,,,,
T205,13,52:4,1.86E+05,4.35E+05,0.4274,10.12,0.84,4000.2,,,,,,
T205,13,52:5,2.75E+04,4.35E+05,0.0634,9.49,0.79,581.6,,,,,,
T205,13,54:1,2.97E+04,4.35E+05,0.0684,12.37,1.03,628.6,,,,,,
T205,13,54:2,1.75E+05,4.35E+05,0.4023,11.92,0.99,3764.5,,,,,,
T205,13,54:3,3.75E+05,4.35E+05,0.8639,11.41,0.95,8099.8,,,,,,
T205,13,54:4,4.02E+05,4.35E+05,0.9242,10.85,0.9,8666.1,,,,,,
T205,13,54:5,2.18E+05,4.35E+05,0.5025,10.22,0.85,4705.6,,,,,,
T205,13,54:6,3.01E+04,4.35E+05,0.0694,9.57,0.8,638.0,,,,,,
T205,13,56:2,2.41E+03,4.35E+05,0.0056,12.88,1.07,38.8,,,,,,
T205,13,56:3,7.75E+03,4.35E+05,0.0178,12.44,1.03,153.4,,,,,,
T205,13,56:4,2.13E+04,4.35E+05,0.0489,11.97,0.99,445.5,,,,,,
T205,13,56:5,3.09E+04,4.35E+05,0.0711,11.46,0.95,654.0,,,,,,
T205,13,56:6,6.06E+04,4.35E+05,0.1394,10.98,0.91,1295.4,,,,,,
T205,13,56:7,9.04E+04,4.35E+05,0.208,10.46,0.87,1939.7,,,,,,
T304,14,48:0,1.16E+04,4.71E+05,0.0246,11.17,0.93,217.2,,,,,,
T304,14,48:1,2.08E+04,4.71E+05,0.0442,10.63,0.88,401.3,,,,,,
T304,14,48:2,1.96E+04,4.71E+05,0.0415,10,0.83,376.0,,,,,,
T304,14,48:3,2.10E+04,4.71E+05,0.0446,9.23,0.77,405.1,,,,,,
T304,14,50:0,1.43E+04,4.71E+05,0.0304,11.76,0.98,271.7,,,,,,
T304,14,50:1,8.73E+04,4.71E+05,0.1854,11.27,0.94,1727.4,,,,,,
T304,14,50:2,1.30E+05,4.71E+05,0.2759,10.69,0.89,2577.4,,,,,,
T304,14,50:3,4.24E+04,4.71E+05,0.0901,10.09,0.84,832.4,,,,,,
T304,14,50:4,2.36E+04,4.71E+05,0.0502,9.4,0.78,457.7,,,,,,
T304,14,52:0,5.01E+03,4.71E+05,0.0106,12.3,1.02,85.7,,,,,,
T304,14,52:1,5.17E+04,4.71E+05,0.1099,11.87,0.98,1018.4,,,,,,
T304,14,52:2,1.62E+05,4.71E+05,0.3431,11.35,0.94,3208.5,,,,,,
T304,14,52:3,2.67E+05,4.71E+05,0.5671,10.77,0.89,5312.3,,,,,,
T304,14,52:4,2.18E+05,4.71E+05,0.4637,10.14,0.84,4341.2,,,,,,
T304,14,52:5,5.11E+04,4.71E+05,0.1085,9.49,0.79,1005.2,,,,,,
T304,14,54:1,5.45E+03,4.71E+05,0.0116,12.35,1.02,95.1,,,,,,
T304,14,54:2,3.64E+04,4.71E+05,0.0774,11.92,0.99,713.1,,,,,,
T304,14,54:3,1.21E+05,4.71E+05,0.2579,11.41,0.95,2408.3,,,,,,
T304,14,54:4,2.02E+05,4.71E+05,0.4296,10.85,0.9,4020.9,,,,,,
T304,14,54:5,2.11E+05,4.71E+05,0.4491,10.23,0.85,4204.0,,,,,,
T304,14,54:6,1.26E+05,4.71E+05,0.2681,9.55,0.79,2504.1,,,,,,
T304,14,56:2,4.79E+02,4.71E+05,0.001,12.73,1.06,-4.4,,,,,,
T304,14,56:3,2.37E+03,4.71E+05,0.005,12.47,1.03,33.2,,,,,,
T304,14,56:4,5.47E+03,4.71E+05,0.0116,11.9,0.99,95.1,,,,,,
T304,14,56:5,9.35E+03,4.71E+05,0.0199,11.44,0.95,173.1,,,,,,
T304,14,56:6,1.57E+04,4.71E+05,0.0334,10.9,0.9,299.9,,,,,,
T304,14,56:7,3.49E+04,4.71E+05,0.0741,10.41,0.86,682.1,,,,,,
T305,15,48:0,1.16E+04,4.98E+05,0.0234,11.16,0.92,206.0,,,,,,
T305,15,48:1,6.17E+03,4.98E+05,0.0124,10.67,0.88,102.7,,,,,,
T305,15,48:2,9.95E+03,4.98E+05,0.02,10.05,0.83,174.0,,,,,,
T305,15,48:3,5.49E+03,4.98E+05,0.011,9.3,0.77,89.5,,,,,,
T305,15,50:0,5.10E+03,4.98E+05,0.0102,11.74,0.97,82.0,,,,,,
T305,15,50:1,4.19E+04,4.98E+05,0.0842,11.28,0.93,777.0,,,,,,
T305,15,50:2,6.32E+04,4.98E+05,0.1269,10.71,0.89,1178.0,,,,,,
T305,15,50:3,2.43E+04,4.98E+05,0.0487,10.12,0.84,443.6,,,,,,
T305,15,50:4,8.50E+03,4.98E+05,0.0171,9.47,0.78,146.8,,,,,,
T305,15,52:0,2.05E+03,4.98E+05,0.0041,12.29,1.02,24.7,,,,,,
T305,15,52:1,2.13E+04,4.98E+05,0.0427,11.87,0.98,387.2,,,,,,
T305,15,52:2,8.81E+04,4.98E+05,0.1771,11.36,0.94,1649.5,,,,,,
T305,15,52:3,1.59E+05,4.98E+05,0.3193,10.8,0.89,2985.0,,,,,,
T305,15,52:4,1.48E+05,4.98E+05,0.2963,10.18,0.84,2769.0,,,,,,
T305,15,52:5,3.26E+04,4.98E+05,0.0655,9.53,0.79,601.4,,,,,,
T305,15,54:1,2.27E+03,4.98E+05,0.0046,12.46,1.03,29.4,,,,,,
T305,15,54:2,1.99E+04,4.98E+05,0.0399,11.94,0.99,360.9,,,,,,
T305,15,54:3,5.97E+04,4.98E+05,0.1199,11.44,0.95,1112.3,,,,,,
T305,15,54:4,1.51E+05,4.98E+05,0.3038,10.88,0.9,2839.4,,,,,,
T305,15,54:5,1.61E+05,4.98E+05,0.3243,10.26,0.85,3032.0,,,,,,
T305,15,54:6,1.10E+05,4.98E+05,0.22,9.6,0.8,2052.4,,,,,,
T305,15,56:2,1.64E+02,4.98E+05,0.0003,12.82,1.06,-11.0,,,,,,
T305,15,56:3,7.19E+02,4.98E+05,0.0014,12.45,1.03,-0.7,,,,,,
T305,15,56:4,3.42E+03,4.98E+05,0.0069,12.04,1,51.0,,,,,,
T305,15,56:5,4.91E+03,4.98E+05,0.0099,11.5,0.95,79.2,,,,,,
T305,15,56:6,1.05E+04,4.98E+05,0.0211,10.93,0.91,184.4,,,,,,
T305,15,56:7,2.14E+04,4.98E+05,0.0431,10.36,0.86,391.0,,,,,,
T306,16,48:0,1.72E+04,4.38E+05,0.0392,10.84,0.92,354.4,,,,,,
T306,16,48:1,1.83E+04,4.38E+05,0.0417,10.28,0.88,377.8,,,,,,
T306,16,48:2,3.24E+04,4.38E+05,0.0742,9.65,0.82,683.1,,,,,,
T306,16,48:3,1.72E+04,4.38E+05,0.0393,9.02,0.77,355.3,,,,,,
T306,16,50:0,1.98E+04,4.38E+05,0.0452,11.45,0.97,410.7,,,,,,
T306,16,50:1,1.00E+05,4.38E+05,0.2291,10.93,0.93,2137.9,,,,,,
T306,16,50:2,2.49E+05,4.38E+05,0.5696,10.34,0.88,5335.8,,,,,,
T306,16,50:3,9.94E+04,4.38E+05,0.2272,9.73,0.83,2120.0,,,,,,
T306,16,50:4,5.27E+04,4.38E+05,0.1205,9.05,0.77,1117.9,,,,,,
T306,16,52:0,6.50E+03,4.38E+05,0.0149,11.99,1.02,126.1,,,,,,
T306,16,52:1,5.90E+04,4.38E+05,0.1348,11.55,0.98,1252.2,,,,,,
T306,16,52:2,3.02E+05,4.38E+05,0.6906,11.02,0.94,6472.2,,,,,,
T306,16,52:3,5.90E+05,4.38E+05,1.349,10.43,0.89,12655.7,,,,,,
T306,16,52:4,5.61E+05,4.38E+05,1.2824,9.79,0.83,12030.2,,,,,,
T306,16,52:5,1.66E+05,4.38E+05,0.3798,9.13,0.78,3553.2,,,,,,
T306,16,54:1,8.99E+03,4.38E+05,0.0206,12.1,1.03,179.7,,,,,,
T306,16,54:2,5.69E+04,4.38E+05,0.13,11.62,0.99,1207.1,,,,,,
T306,16,54:3,2.40E+05,4.38E+05,0.5478,11.09,0.94,5131.0,,,,,,
T306,16,54:4,4.73E+05,4.38E+05,1.0806,10.52,0.9,10135.0,,,,,,
T306,16,54:5,5.73E+05,4.38E+05,1.31,9.9,0.84,12289.4,,,,,,
T306,16,54:6,4.43E+05,4.38E+05,1.0133,9.21,0.78,9502.9,,,,,,
T306,16,56:2,0,4.38E+05,0,0,0,-13.8,,,,,,
T306,16,56:3,4.68E+03,4.38E+05,0.0107,12.17,1.04,86.7,,,,,,
T306,16,56:4,1.06E+04,4.38E+05,0.0243,11.65,0.99,214.4,,,,,,
T306,16,56:5,2.12E+04,4.38E+05,0.0484,11.14,0.95,440.8,,,,,,
T306,16,56:6,3.05E+04,4.38E+05,0.0697,10.6,0.9,640.8,,,,,,
T306,16,56:7,3.97E+04,4.38E+05,0.0906,10.01,0.85,837.1,,,,,,
T307,17,48:0,1.34E+04,5.65E+05,0.0237,10.93,0.93,208.8,,,,,,
T307,17,48:1,1.28E+04,5.65E+05,0.0227,10.38,0.88,199.4,,,,,,
T307,17,48:2,1.41E+04,5.65E+05,0.025,9.75,0.83,221.0,,,,,,
T307,17,48:3,8.15E+03,5.65E+05,0.0144,9.17,0.78,121.4,,,,,,
T307,17,50:0,1.29E+04,5.65E+05,0.0229,11.52,0.98,201.3,,,,,,
T307,17,50:1,6.19E+04,5.65E+05,0.1097,11.02,0.93,1016.5,,,,,,
T307,17,50:2,9.86E+04,5.65E+05,0.1746,10.43,0.88,1626.0,,,,,,
T307,17,50:3,2.99E+04,5.65E+05,0.0529,9.83,0.83,483.0,,,,,,
T307,17,50:4,1.02E+04,5.65E+05,0.0181,9.18,0.78,156.2,,,,,,
T307,17,52:0,3.79E+03,5.65E+05,0.0067,12.1,1.03,49.1,,,,,,
T307,17,52:1,3.47E+04,5.65E+05,0.0616,11.61,0.98,564.7,,,,,,
T307,17,52:2,1.30E+05,5.65E+05,0.2302,11.07,0.94,2148.2,,,,,,
T307,17,52:3,1.87E+05,5.65E+05,0.3308,10.52,0.89,3093.0,,,,,,
T307,17,52:4,1.70E+05,5.65E+05,0.3011,9.89,0.84,2814.1,,,,,,
T307,17,52:5,4.02E+04,5.65E+05,0.0712,9.24,0.78,654.9,,,,,,
T307,17,54:1,5.55E+03,5.65E+05,0.0098,12.12,1.03,78.2,,,,,,
T307,17,54:2,2.32E+04,5.65E+05,0.0412,11.66,0.99,373.1,,,,,,
T307,17,54:3,6.79E+04,5.65E+05,0.1202,11.15,0.95,1115.1,,,,,,
T307,17,54:4,1.31E+05,5.65E+05,0.232,10.58,0.9,2165.1,,,,,,
T307,17,54:5,1.63E+05,5.65E+05,0.288,9.98,0.85,2691.0,,,,,,
T307,17,54:6,1.12E+05,5.65E+05,0.1989,9.32,0.79,1854.2,,,,,,
T307,17,56:2,0,5.65E+05,0,0,0,-13.8,,,,,,
T307,17,56:3,1.45E+03,5.65E+05,0.0026,12.21,1.04,10.6,,,,,,
T307,17,56:4,2.46E+03,5.65E+05,0.0044,11.63,0.99,27.5,,,,,,
T307,17,56:5,1.10E+04,5.65E+05,0.0194,11.21,0.95,168.4,,,,,,
T307,17,56:6,2.00E+04,5.65E+05,0.0354,10.66,0.9,318.7,,,,,,
T307,17,56:7,3.45E+04,5.65E+05,0.0612,10.21,0.87,561.0,,,,,,
T308,18,48:0,1.35E+04,5.47E+05,0.0247,10.88,0.92,218.2,,,,,,
T308,18,48:1,2.05E+04,5.47E+05,0.0375,10.34,0.88,338.4,,,,,,
T308,18,48:2,2.32E+04,5.47E+05,0.0424,9.71,0.83,384.4,,,,,,
T308,18,48:3,1.69E+04,5.47E+05,0.0309,9.04,0.77,276.4,,,,,,
T308,18,50:0,1.55E+04,5.47E+05,0.0283,11.49,0.98,252.0,,,,,,
T308,18,50:1,7.44E+04,5.47E+05,0.1361,10.97,0.93,1264.4,,,,,,
T308,18,50:2,1.36E+05,5.47E+05,0.2478,10.39,0.88,2313.5,,,,,,
T308,18,50:3,6.19E+04,5.47E+05,0.1133,9.79,0.83,1050.3,,,,,,
T308,18,50:4,2.07E+04,5.47E+05,0.0378,9.13,0.78,341.2,,,,,,
T308,18,52:0,4.00E+03,5.47E+05,0.0073,12.04,1.02,54.8,,,,,,
T308,18,52:1,4.56E+04,5.47E+05,0.0834,11.56,0.98,769.5,,,,,,
T308,18,52:2,1.65E+05,5.47E+05,0.3023,11.04,0.94,2825.3,,,,,,
T308,18,52:3,2.72E+05,5.47E+05,0.4981,10.47,0.89,4664.2,,,,,,
T308,18,52:4,1.95E+05,5.47E+05,0.3566,9.85,0.84,3335.3,,,,,,
T308,18,52:5,5.13E+04,5.47E+05,0.0938,9.22,0.78,867.1,,,,,,
T308,18,54:1,5.09E+03,5.47E+05,0.0093,12.12,1.03,73.5,,,,,,
T308,18,54:2,3.48E+04,5.47E+05,0.0636,11.61,0.99,583.5,,,,,,
T308,18,54:3,8.63E+04,5.47E+05,0.1577,11.11,0.94,1467.3,,,,,,
T308,18,54:4,1.60E+05,5.47E+05,0.2931,10.54,0.9,2738.9,,,,,,
T308,18,54:5,1.53E+05,5.47E+05,0.2796,9.93,0.84,2612.1,,,,,,
T308,18,54:6,1.02E+05,5.47E+05,0.1865,9.27,0.79,1737.8,,,,,,
T308,18,56:2,0,5.47E+05,0,0,0,-13.8,,,,,,
T308,18,56:3,2.16E+03,5.47E+05,0.004,12.21,1.04,23.8,,,,,,
T308,18,56:4,2.43E+03,5.47E+05,0.0044,11.66,0.99,27.5,,,,,,
T308,18,56:5,1.17E+04,5.47E+05,0.0214,11.14,0.95,187.2,,,,,,
T308,18,56:6,2.60E+04,5.47E+05,0.0474,10.63,0.9,431.4,,,,,,
T308,18,56:7,3.59E+04,5.47E+05,0.0656,10.11,0.86,602.3,,,,,,
T309,19,48:0,2.19E+04,5.79E+05,0.0378,10.82,0.92,341.2,,,,,,
T309,19,48:1,2.72E+04,5.79E+05,0.0471,10.3,0.88,428.5,,,,,,
T309,19,48:2,4.47E+04,5.79E+05,0.0773,9.64,0.82,712.2,,,,,,
T309,19,48:3,2.63E+04,5.79E+05,0.0455,9,0.77,413.5,,,,,,
T309,19,50:0,2.19E+04,5.79E+05,0.0378,11.46,0.98,341.2,,,,,,
T309,19,50:1,1.50E+05,5.79E+05,0.2589,10.92,0.93,2417.7,,,,,,
T309,19,50:2,2.77E+05,5.79E+05,0.4785,10.34,0.88,4480.2,,,,,,
T309,19,50:3,1.15E+05,5.79E+05,0.1981,9.73,0.83,1846.7,,,,,,
T309,19,50:4,5.51E+04,5.79E+05,0.0953,9.06,0.77,881.2,,,,,,
T309,19,52:0,5.12E+03,5.79E+05,0.0088,11.96,1.02,68.8,,,,,,
T309,19,52:1,8.07E+04,5.79E+05,0.1395,11.53,0.98,1296.3,,,,,,
T309,19,52:2,3.82E+05,5.79E+05,0.6602,11.01,0.94,6186.7,,,,,,
T309,19,52:3,6.86E+05,5.79E+05,1.1849,10.43,0.89,11114.5,,,,,,
T309,19,52:4,6.88E+05,5.79E+05,1.1898,9.8,0.84,11160.5,,,,,,
T309,19,52:5,1.81E+05,5.79E+05,0.3125,9.13,0.78,2921.1,,,,,,
T309,19,54:1,1.25E+04,5.79E+05,0.0216,12.06,1.03,189.1,,,,,,
T309,19,54:2,7.99E+04,5.79E+05,0.1381,11.59,0.99,1283.2,,,,,,
T309,19,54:3,2.98E+05,5.79E+05,0.5152,11.08,0.95,4824.8,,,,,,
T309,19,54:4,5.97E+05,5.79E+05,1.0312,10.51,0.9,9671.0,,,,,,
T309,19,54:5,7.07E+05,5.79E+05,1.2219,9.89,0.84,11462.0,,,,,,
T309,19,54:6,4.76E+05,5.79E+05,0.8231,9.22,0.79,7716.6,,,,,,
T309,19,56:2,1.65E+03,5.79E+05,0.0028,12.55,1.07,12.5,,,,,,
T309,19,56:3,5.57E+03,5.79E+05,0.0096,12.15,1.04,76.4,,,,,,
T309,19,56:4,1.63E+04,5.79E+05,0.0282,11.63,0.99,251.0,,,,,,
T309,19,56:5,3.00E+04,5.79E+05,0.0519,11.11,0.95,473.6,,,,,,
T309,19,56:6,3.66E+04,5.79E+05,0.0633,10.57,0.9,580.7,,,,,,
T309,19,56:7,5.25E+04,5.79E+05,0.0908,10.05,0.86,839.0,,,,,,
T311,20,48:0,1.61E+04,4.97E+05,0.0323,10.97,0.92,289.5,,,,,,
T311,20,48:1,3.38E+04,4.97E+05,0.0681,10.44,0.88,625.8,,,,,,
T311,20,48:2,4.26E+04,4.97E+05,0.0857,9.81,0.83,791.1,,,,,,
T311,20,48:3,2.04E+04,4.97E+05,0.041,9.15,0.77,371.3,,,,,,
T311,20,50:0,1.95E+04,4.97E+05,0.0393,11.59,0.98,355.3,,,,,,
T311,20,50:1,1.28E+05,4.97E+05,0.2576,11.09,0.93,2405.5,,,,,,
T311,20,50:2,2.26E+05,4.97E+05,0.4547,10.48,0.88,4256.6,,,,,,
T311,20,50:3,1.18E+05,4.97E+05,0.238,9.88,0.83,2221.4,,,,,,
T311,20,50:4,4.87E+04,4.97E+05,0.098,9.2,0.77,906.6,,,,,,
T311,20,52:0,5.47E+03,4.97E+05,0.011,12.18,1.02,89.5,,,,,,
T311,20,52:1,7.47E+04,4.97E+05,0.1504,11.69,0.98,1398.7,,,,,,
T311,20,52:2,4.07E+05,4.97E+05,0.8204,11.17,0.94,7691.2,,,,,,
T311,20,52:3,7.07E+05,4.97E+05,1.4231,10.58,0.89,13351.6,,,,,,
T311,20,52:4,5.57E+05,4.97E+05,1.1225,9.93,0.84,10528.5,,,,,,
T311,20,52:5,1.41E+05,4.97E+05,0.2831,9.27,0.78,2645.0,,,,,,
T311,20,54:1,1.33E+04,4.97E+05,0.0268,12.23,1.03,237.9,,,,,,
T311,20,54:2,9.62E+04,4.97E+05,0.1937,11.77,0.99,1805.4,,,,,,
T311,20,54:3,3.35E+05,4.97E+05,0.6749,11.24,0.95,6324.7,,,,,,
T311,20,54:4,5.84E+05,4.97E+05,1.1761,10.67,0.9,11031.9,,,,,,
T311,20,54:5,5.66E+05,4.97E+05,1.1392,10.03,0.84,10685.3,,,,,,
T311,20,54:6,3.09E+05,4.97E+05,0.6223,9.36,0.79,5830.7,,,,,,
T311,20,56:2,9.68E+02,4.97E+05,0.0019,12.78,1.08,4.0,,,,,,
T311,20,56:3,7.67E+03,4.97E+05,0.0154,12.29,1.03,130.8,,,,,,
T311,20,56:4,1.47E+04,4.97E+05,0.0296,11.8,0.99,264.2,,,,,,
T311,20,56:5,3.99E+04,4.97E+05,0.0803,11.28,0.95,740.4,,,,,,
T311,20,56:6,4.59E+04,4.97E+05,0.0924,10.73,0.9,854.0,,,,,,
T311,20,56:7,6.70E+04,4.97E+05,0.1349,10.18,0.86,1253.1,,,,,,
T312,21,48:0,7.85E+03,3.83E+05,0.0205,11.3,0.93,178.7,,,,,,
T312,21,48:1,9.09E+03,3.83E+05,0.0238,10.78,0.88,209.7,,,,,,
T312,21,48:2,1.05E+04,3.83E+05,0.0274,10.1,0.83,243.5,,,,,,
T312,21,48:3,5.62E+03,3.83E+05,0.0147,9.36,0.77,124.3,,,,,,
T312,21,50:0,6.10E+03,3.83E+05,0.0159,11.86,0.97,135.5,,,,,,
T312,21,50:1,4.91E+04,3.83E+05,0.1282,11.41,0.94,1190.2,,,,,,
T312,21,50:2,6.93E+04,3.83E+05,0.181,10.82,0.89,1686.1,,,,,,
T312,21,50:3,2.77E+04,3.83E+05,0.0725,10.21,0.84,667.1,,,,,,
T312,21,50:4,7.90E+03,3.83E+05,0.0207,9.53,0.78,180.6,,,,,,
T312,21,52:0,3.04E+03,3.83E+05,0.0079,12.42,1.02,60.4,,,,,,
T312,21,52:1,2.56E+04,3.83E+05,0.067,11.99,0.98,615.4,,,,,,
T312,21,52:2,1.13E+05,3.83E+05,0.2943,11.48,0.94,2750.2,,,,,,
T312,21,52:3,1.66E+05,3.83E+05,0.4339,10.91,0.89,4061.3,,,,,,
T312,21,52:4,1.08E+05,3.83E+05,0.2815,10.28,0.84,2630.0,,,,,,
T312,21,52:5,2.33E+04,3.83E+05,0.0609,9.6,0.79,558.2,,,,,,
T312,21,54:1,3.06E+03,3.83E+05,0.008,12.53,1.03,61.3,,,,,,
T312,21,54:2,2.27E+04,3.83E+05,0.0593,12.07,0.99,543.1,,,,,,
T312,21,54:3,8.10E+04,3.83E+05,0.2117,11.55,0.95,1974.4,,,,,,
T312,21,54:4,1.36E+05,3.83E+05,0.3559,10.98,0.9,3328.7,,,,,,
T312,21,54:5,1.49E+05,3.83E+05,0.3889,10.37,0.85,3638.7,,,,,,
T312,21,54:6,7.22E+04,3.83E+05,0.1886,9.69,0.79,1757.5,,,,,,
T312,21,56:2,2.43E+02,3.83E+05,0.0006,13.09,1.07,-8.2,,,,,,
T312,21,56:3,9.62E+02,3.83E+05,0.0025,12.6,1.03,9.7,,,,,,
T312,21,56:4,2.42E+03,3.83E+05,0.0063,12.12,0.99,45.4,,,,,,
T312,21,56:5,8.16E+03,3.83E+05,0.0213,11.55,0.95,186.2,,,,,,
T312,21,56:6,1.28E+04,3.83E+05,0.0334,11.09,0.91,299.9,,,,,,
T312,21,56:7,2.03E+04,3.83E+05,0.0531,10.57,0.87,484.9,,,,,,
T400,22,48:0,2.83E+04,4.62E+05,0.0613,11.05,0.93,561.9,,,,,,
T400,22,48:1,3.44E+04,4.62E+05,0.0744,10.51,0.88,684.9,,,,,,
T400,22,48:2,2.63E+04,4.62E+05,0.0568,9.91,0.83,519.6,,,,,,
T400,22,48:3,1.99E+04,4.62E+05,0.043,9.28,0.78,405.1,,,,,,
T400,22,50:0,3.47E+04,4.62E+05,0.0751,11.66,0.98,691.5,,,,,,
T400,22,50:1,1.48E+05,4.62E+05,0.3189,11.13,0.93,2981.2,,,,,,
T400,22,50:2,1.25E+05,4.62E+05,0.2704,10.57,0.89,2525.7,,,,,,
T400,22,50:3,4.15E+04,4.62E+05,0.0898,9.99,0.84,829.6,,,,,,
T400,22,50:4,6.98E+03,4.62E+05,0.0151,9.34,0.78,128.0,,,,,,
T400,22,52:0,9.82E+03,4.62E+05,0.0212,12.15,1.02,185.3,,,,,,
T400,22,52:1,1.02E+05,4.62E+05,0.2213,11.71,0.98,2064.6,,,,,,
T400,22,52:2,3.35E+05,4.62E+05,0.7248,11.22,0.94,3208.5,,,,,,
T400,22,52:3,2.97E+05,4.62E+05,0.642,10.65,0.89,6015.7,,,,,,
T400,22,52:4,1.08E+05,4.62E+05,0.2343,10.04,0.84,2186.7,,,,,,
T400,22,52:5,9.49E+03,4.62E+05,0.0205,9.42,0.79,178.7,,,,,,
T400,22,54:1,1.20E+04,4.62E+05,0.0259,12.27,1.03,229.4,,,,,,
T400,22,54:2,8.21E+04,4.62E+05,0.1776,11.79,0.99,1654.2,,,,,,
T400,22,54:3,1.79E+05,4.62E+05,0.3874,11.3,0.95,3624.6,,,,,,
T400,22,54:4,2.42E+05,4.62E+05,0.5227,10.73,0.9,4895.3,,,,,,
T400,22,54:5,1.43E+05,4.62E+05,0.3082,10.11,0.85,2880.7,,,,,,
T400,22,54:6,2.76E+04,4.62E+05,0.0598,9.47,0.8,547.8,,,,,,
T400,22,56:2,3.00E+03,4.62E+05,0.0065,12.77,1.07,47.2,,,,,,
T400,22,56:3,5.26E+03,4.62E+05,0.0114,12.33,1.03,93.3,,,,,,
T400,22,56:4,1.05E+04,4.62E+05,0.0227,11.83,0.99,199.4,,,,,,
T400,22,56:5,2.08E+04,4.62E+05,0.0449,11.31,0.95,407.9,,,,,,
T400,22,56:6,5.70E+04,4.62E+05,0.1232,10.92,0.92,1143.3,,,,,,
T400,22,56:7,5.14E+04,4.62E+05,0.1112,10.39,0.87,1030.6,,,,,,
T401,23,48:0,1.90E+04,4.15E+05,0.0457,10.94,0.92,415.4,,,,,,
T401,23,48:1,2.64E+04,4.15E+05,0.0634,10.37,0.88,581.6,,,,,,
T401,23,48:2,2.86E+04,4.15E+05,0.0689,9.77,0.83,633.3,,,,,,
T401,23,48:3,2.36E+04,4.15E+05,0.0567,9.15,0.77,89.5,,,,,,
T401,23,50:0,2.08E+04,4.15E+05,0.05,11.53,0.98,455.8,,,,,,
T401,23,50:1,1.31E+05,4.15E+05,0.3141,11.02,0.93,2936.2,,,,,,
T401,23,50:2,9.92E+04,4.15E+05,0.2388,10.44,0.88,2229.0,,,,,,
T401,23,50:3,3.28E+04,4.15E+05,0.0789,9.84,0.83,727.2,,,,,,
T401,23,50:4,6.56E+03,4.15E+05,0.0158,9.14,0.77,134.6,,,,,,
T401,23,52:0,7.95E+03,4.15E+05,0.0191,12.11,1.02,165.6,,,,,,
T401,23,52:1,9.63E+04,4.15E+05,0.2319,11.63,0.98,2164.1,,,,,,
T401,23,52:2,3.09E+05,4.15E+05,0.743,11.11,0.94,1649.5,,,,,,
T401,23,52:3,2.28E+05,4.15E+05,0.549,10.51,0.89,5142.3,,,,,,
T401,23,52:4,7.57E+04,4.15E+05,0.1822,9.89,0.84,1697.4,,,,,,
T401,23,52:5,7.06E+03,4.15E+05,0.017,9.26,0.78,145.9,,,,,,
T401,23,54:1,1.52E+04,4.15E+05,0.0366,12.17,1.03,329.9,,,,,,
T401,23,54:2,8.16E+04,4.15E+05,0.1965,11.71,0.99,1831.7,,,,,,
T401,23,54:3,2.02E+05,4.15E+05,0.4857,11.18,0.95,4547.8,,,,,,
T401,23,54:4,2.04E+05,4.15E+05,0.4902,10.6,0.9,4590.0,,,,,,
T401,23,54:5,8.71E+04,4.15E+05,0.2096,9.97,0.84,1954.7,,,,,,
T401,23,54:6,1.97E+04,4.15E+05,0.0474,9.31,0.79,431.4,,,,,,
T401,23,56:2,4.38E+03,4.15E+05,0.0105,12.75,1.08,84.8,,,,,,
T401,23,56:3,7.28E+03,4.15E+05,0.0175,12.23,1.03,150.6,,,,,,
T401,23,56:4,1.59E+04,4.15E+05,0.0383,11.77,1,345.9,,,,,,
T401,23,56:5,1.29E+04,4.15E+05,0.0311,11.21,0.95,278.3,,,,,,
T401,23,56:6,3.24E+04,4.15E+05,0.0779,10.76,0.91,717.8,,,,,,
T401,23,56:7,2.80E+04,4.15E+05,0.0674,10.25,0.87,619.2,,,,,,
T402,24,48:0,5.86E+04,4.90E+05,0.1196,11.13,0.92,1109.5,,,,,,
T402,24,48:1,8.99E+04,4.90E+05,0.1834,10.56,0.88,1708.6,,,,,,
T402,24,48:2,7.80E+04,4.90E+05,0.1592,9.94,0.83,1481.4,,,,,,
T402,24,48:3,4.52E+04,4.90E+05,0.0923,9.26,0.77,355.3,,,,,,
T402,24,50:0,6.58E+04,4.90E+05,0.1342,11.75,0.98,1246.6,,,,,,
T402,24,50:1,3.58E+05,4.90E+05,0.7296,11.21,0.93,6838.4,,,,,,
T402,24,50:2,2.81E+05,4.90E+05,0.573,10.63,0.88,5367.7,,,,,,
T402,24,50:3,1.14E+05,4.90E+05,0.2325,10.01,0.83,2169.8,,,,,,
T402,24,50:4,2.04E+04,4.90E+05,0.0417,9.31,0.77,377.8,,,,,,
T402,24,52:0,1.90E+04,4.90E+05,0.0388,12.28,1.02,350.6,,,,,,
T402,24,52:1,2.16E+05,4.90E+05,0.44,11.83,0.98,4118.6,,,,,,
T402,24,52:2,7.12E+05,4.90E+05,1.4536,11.31,0.94,6472.2,,,,,,
T402,24,52:3,5.93E+05,4.90E+05,1.2109,10.71,0.89,11358.7,,,,,,
T402,24,52:4,2.14E+05,4.90E+05,0.436,10.08,0.84,4081.0,,,,,,
T402,24,52:5,2.57E+04,4.90E+05,0.0525,9.44,0.78,479.3,,,,,,
T402,24,54:1,2.87E+04,4.90E+05,0.0585,12.37,1.03,535.6,,,,,,
T402,24,54:2,1.91E+05,4.90E+05,0.3903,11.91,0.99,3651.8,,,,,,
T402,24,54:3,4.43E+05,4.90E+05,0.9041,11.4,0.95,8477.3,,,,,,
T402,24,54:4,4.43E+05,4.90E+05,0.9049,10.81,0.9,8484.8,,,,,,
T402,24,54:5,2.55E+05,4.90E+05,0.5197,10.16,0.84,4867.1,,,,,,
T402,24,54:6,4.09E+04,4.90E+05,0.0834,9.46,0.79,769.5,,,,,,
T402,24,56:2,3.27E+03,4.90E+05,0.0067,12.93,1.07,49.1,,,,,,
T402,24,56:3,8.99E+03,4.90E+05,0.0183,12.47,1.04,158.1,,,,,,
T402,24,56:4,2.25E+04,4.90E+05,0.046,11.99,1,418.2,,,,,,
T402,24,56:5,3.33E+04,4.90E+05,0.068,11.42,0.95,624.8,,,,,,
T402,24,56:6,6.42E+04,4.90E+05,0.131,11.01,0.92,1216.5,,,,,,
T402,24,56:7,6.02E+04,4.90E+05,0.1229,10.47,0.87,1140.4,,,,,,
T404,25,48:0,7.02E+04,3.52E+05,0.1992,11.35,0.93,1857.0,,,,,,
T404,25,48:1,1.38E+05,3.52E+05,0.3918,10.8,0.88,3665.9,,,,,,
T404,25,48:2,1.31E+05,3.52E+05,0.3716,10.19,0.83,3476.2,,,,,,
T404,25,48:3,7.34E+04,3.52E+05,0.2084,9.52,0.78,121.4,,,,,,
T404,25,50:0,5.93E+04,3.52E+05,0.1684,11.94,0.98,1567.8,,,,,,
T404,25,50:1,4.35E+05,3.52E+05,1.2342,11.44,0.94,11577.5,,,,,,
T404,25,50:2,4.56E+05,3.52E+05,1.295,10.86,0.89,12148.6,,,,,,
T404,25,50:3,2.38E+05,3.52E+05,0.6754,10.25,0.84,6329.4,,,,,,
T404,25,50:4,4.56E+04,3.52E+05,0.1293,9.61,0.79,1200.6,,,,,,
T404,25,52:0,1.84E+04,3.52E+05,0.0523,12.48,1.02,477.4,,,,,,
T404,25,52:1,3.01E+05,3.52E+05,0.8544,12.03,0.98,8010.5,,,,,,
T404,25,52:2,1.14E+06,3.52E+05,3.2326,11.53,0.94,2148.2,,,,,,
T404,25,52:3,1.12E+06,3.52E+05,3.1683,10.94,0.89,29742.2,,,,,,
T404,25,52:4,4.07E+05,3.52E+05,1.154,10.34,0.85,10824.3,,,,,,
T404,25,52:5,6.65E+04,3.52E+05,0.1888,9.69,0.79,1759.4,,,,,,
T404,25,54:1,5.13E+04,3.52E+05,0.1455,12.58,1.03,1352.7,,,,,,
T404,25,54:2,3.40E+05,3.52E+05,0.9656,12.12,0.99,9054.9,,,,,,
T404,25,54:3,7.76E+05,3.52E+05,2.201,11.62,0.95,20657.5,,,,,,
T404,25,54:4,7.76E+05,3.52E+05,2.2013,11.05,0.9,20660.3,,,,,,
T404,25,54:5,4.38E+05,3.52E+05,1.2426,10.41,0.85,11656.4,,,,,,
T404,25,54:6,9.23E+04,3.52E+05,0.2618,9.74,0.8,2445.0,,,,,,
T404,25,56:2,8.02E+03,3.52E+05,0.0227,13.09,1.07,199.4,,,,,,
T404,25,56:3,3.38E+04,3.52E+05,0.0958,12.65,1.03,885.9,,,,,,
T404,25,56:4,5.20E+04,3.52E+05,0.1474,12.17,1,1370.5,,,,,,
T404,25,56:5,5.53E+04,3.52E+05,0.157,11.64,0.95,1460.7,,,,,,
T404,25,56:6,6.82E+04,3.52E+05,0.1935,11.18,0.91,1803.5,,,,,,
T404,25,56:7,7.06E+04,3.52E+05,0.2003,10.66,0.87,1867.4,,,,,,
T405,26,48:0,7.01E+04,3.63E+05,0.1932,11.04,0.93,1800.7,,,,,,
T405,26,48:1,2.40E+05,3.63E+05,0.6619,10.5,0.88,6202.6,,,,,,
T405,26,48:2,2.34E+05,3.63E+05,0.6455,9.89,0.83,6048.6,,,,,,
T405,26,48:3,1.04E+05,3.63E+05,0.2866,9.25,0.78,276.4,,,,,,
T405,26,50:0,7.18E+04,3.63E+05,0.1979,11.64,0.98,1844.8,,,,,,
T405,26,50:1,6.89E+05,3.63E+05,1.8994,11.13,0.93,17825.0,,,,,,
T405,26,50:2,8.18E+05,3.63E+05,2.254,10.57,0.89,21155.3,,,,,,
T405,26,50:3,4.97E+05,3.63E+05,1.3682,9.98,0.84,12836.0,,,,,,
T405,26,50:4,9.39E+04,3.63E+05,0.2586,9.33,0.78,2414.9,,,,,,
T405,26,52:0,2.08E+04,3.63E+05,0.0572,12.16,1.02,523.4,,,,,,
T405,26,52:1,5.29E+05,3.63E+05,1.4569,11.72,0.98,13669.1,,,,,,
T405,26,52:2,1.79E+06,3.63E+05,4.9438,11.22,0.94,2825.3,,,,,,
T405,26,52:3,1.55E+06,3.63E+05,4.2655,10.66,0.89,40046.9,,,,,,
T405,26,52:4,6.73E+05,3.63E+05,1.8543,10.04,0.84,17401.4,,,,,,
T405,26,52:5,1.20E+05,3.63E+05,0.33,9.42,0.79,3085.5,,,,,,
T405,26,54:1,1.12E+05,3.63E+05,0.3072,12.26,1.03,2871.4,,,,,,
T405,26,54:2,6.79E+05,3.63E+05,1.8696,11.81,0.99,17545.1,,,,,,
T405,26,54:3,1.16E+06,3.63E+05,3.1882,11.33,0.95,29929.1,,,,,,
T405,26,54:4,1.14E+06,3.63E+05,3.1453,10.76,0.9,29526.2,,,,,,
T405,26,54:5,5.78E+05,3.63E+05,1.5935,10.13,0.85,14952.0,,,,,,
T405,26,54:6,1.33E+05,3.63E+05,0.3666,9.47,0.79,3429.2,,,,,,
T405,26,56:2,3.77E+04,3.63E+05,0.1038,12.78,1.07,961.1,,,,,,
T405,26,56:3,8.27E+04,3.63E+05,0.2278,12.34,1.03,2125.6,,,,,,
T405,26,56:4,1.37E+05,3.63E+05,0.3775,11.87,1,3531.6,,,,,,
T405,26,56:5,8.33E+04,3.63E+05,0.2294,11.36,0.95,2140.7,,,,,,
T405,26,56:6,7.66E+04,3.63E+05,0.2111,10.86,0.91,1968.8,,,,,,
T405,26,56:7,1.02E+05,3.63E+05,0.2811,10.3,0.86,2626.2,,,,,,
T406,27,48:0,3.28E+04,4.24E+05,0.0774,11.15,0.93,713.1,,,,,,
T406,27,48:1,5.53E+04,4.24E+05,0.1306,10.61,0.88,1212.8,,,,,,
T406,27,48:2,3.26E+04,4.24E+05,0.0771,9.99,0.83,710.3,,,,,,
T406,27,48:3,1.50E+04,4.24E+05,0.0355,9.37,0.78,413.5,,,,,,
T406,27,50:0,3.59E+04,4.24E+05,0.0847,11.76,0.98,781.7,,,,,,
T406,27,50:1,2.33E+05,4.24E+05,0.5497,11.25,0.93,5148.9,,,,,,
T406,27,50:2,2.07E+05,4.24E+05,0.4895,10.68,0.89,4583.5,,,,,,
T406,27,50:3,6.07E+04,4.24E+05,0.1432,10.08,0.84,1331.1,,,,,,
T406,27,50:4,7.15E+03,4.24E+05,0.0169,9.42,0.78,144.9,,,,,,
T406,27,52:0,1.05E+04,4.24E+05,0.0248,12.29,1.02,219.1,,,,,,
T406,27,52:1,1.65E+05,4.24E+05,0.3891,11.84,0.98,3640.5,,,,,,
T406,27,52:2,5.08E+05,4.24E+05,1.1988,11.34,0.94,6186.7,,,,,,
T406,27,52:3,3.68E+05,4.24E+05,0.8679,10.76,0.89,8137.3,,,,,,
T406,27,52:4,1.17E+05,4.24E+05,0.2765,10.14,0.84,2583.0,,,,,,
T406,27,52:5,1.31E+04,4.24E+05,0.0309,9.49,0.79,276.4,,,,,,
T406,27,54:1,2.09E+04,4.24E+05,0.0494,12.37,1.03,450.1,,,,,,
T406,27,54:2,1.10E+05,4.24E+05,0.2605,11.93,0.99,2432.8,,,,,,
T406,27,54:3,2.47E+05,4.24E+05,0.5843,11.41,0.95,5473.8,,,,,,
T406,27,54:4,2.38E+05,4.24E+05,0.563,10.84,0.9,5273.8,,,,,,
T406,27,54:5,1.19E+05,4.24E+05,0.2809,10.22,0.85,2624.3,,,,,,
T406,27,54:6,1.70E+04,4.24E+05,0.04,9.57,0.79,361.9,,,,,,
T406,27,56:2,3.45E+03,4.24E+05,0.0081,12.89,1.07,62.3,,,,,,
T406,27,56:3,8.28E+03,4.24E+05,0.0196,12.46,1.03,170.3,,,,,,
T406,27,56:4,1.80E+04,4.24E+05,0.0425,11.98,0.99,385.3,,,,,,
T406,27,56:5,2.26E+04,4.24E+05,0.0534,11.46,0.95,487.7,,,,,,
T406,27,56:6,3.36E+04,4.24E+05,0.0793,10.95,0.91,731.0,,,,,,
T406,27,56:7,4.84E+04,4.24E+05,0.1144,10.48,0.87,1060.6,,,,,,
T407,28,48:0,2.49E+04,4.19E+05,0.0593,11.27,0.93,543.1,,,,,,
T407,28,48:1,6.21E+04,4.19E+05,0.148,10.71,0.88,1376.2,,,,,,
T407,28,48:2,6.44E+04,4.19E+05,0.1535,10.11,0.83,1427.8,,,,,,
T407,28,48:3,2.00E+04,4.19E+05,0.0476,9.47,0.78,371.3,,,,,,
T407,28,50:0,2.31E+04,4.19E+05,0.055,11.87,0.98,502.7,,,,,,
T407,28,50:1,1.58E+05,4.19E+05,0.3768,11.35,0.94,3525.0,,,,,,
T407,28,50:2,2.42E+05,4.19E+05,0.5772,10.8,0.89,5407.1,,,,,,
T407,28,50:3,8.40E+04,4.19E+05,0.2002,10.17,0.84,1866.4,,,,,,
T407,28,50:4,1.27E+04,4.19E+05,0.0303,9.51,0.78,270.8,,,,,,
T407,28,52:0,9.54E+03,4.19E+05,0.0227,12.38,1.02,199.4,,,,,,
T407,28,52:1,1.21E+05,4.19E+05,0.2881,11.93,0.98,2692.0,,,,,,
T407,28,52:2,4.38E+05,4.19E+05,1.0444,11.44,0.94,7691.2,,,,,,
T407,28,52:3,3.16E+05,4.19E+05,0.7543,10.86,0.89,7070.4,,,,,,
T407,28,52:4,9.32E+04,4.19E+05,0.2223,10.24,0.84,2074.0,,,,,,
T407,28,52:5,1.57E+04,4.19E+05,0.0374,9.58,0.79,337.4,,,,,,
T407,28,54:1,8.46E+03,4.19E+05,0.0202,12.51,1.03,175.9,,,,,,
T407,28,54:2,6.27E+04,4.19E+05,0.1494,12.02,0.99,1389.3,,,,,,
T407,28,54:3,1.33E+05,4.19E+05,0.3181,11.51,0.95,2973.7,,,,,,
T407,28,54:4,1.17E+05,4.19E+05,0.2797,10.95,0.9,2613.1,,,,,,
T407,28,54:5,5.73E+04,4.19E+05,0.1366,10.33,0.85,1269.1,,,,,,
T407,28,54:6,9.82E+03,4.19E+05,0.0234,9.74,0.8,206.0,,,,,,
T407,28,56:2,4.70E+02,4.19E+05,0.0011,12.95,1.07,-3.5,,,,,,
T407,28,56:3,3.38E+03,4.19E+05,0.0081,12.54,1.03,62.3,,,,,,
T407,28,56:4,7.86E+03,4.19E+05,0.0187,12.02,0.99,161.8,,,,,,
T407,28,56:5,1.25E+04,4.19E+05,0.0297,11.51,0.95,265.1,,,,,,
T407,28,56:6,1.13E+04,4.19E+05,0.0268,11.03,0.91,237.9,,,,,,
T407,28,56:7,2.32E+04,4.19E+05,0.0553,10.56,0.87,505.6,,,,,,
T408,29,48:0,5.61E+04,4.25E+05,0.1322,11.07,0.93,1227.8,,,,,,
T408,29,48:1,1.17E+05,4.25E+05,0.2749,10.54,0.88,2568.0,,,,,,
T408,29,48:2,7.12E+04,4.25E+05,0.1676,9.92,0.83,1560.3,,,,,,
T408,29,48:3,3.01E+04,4.25E+05,0.071,9.28,0.78,124.3,,,,,,
T408,29,50:0,5.54E+04,4.25E+05,0.1305,11.66,0.98,1211.8,,,,,,
T408,29,50:1,4.00E+05,4.25E+05,0.9415,11.16,0.93,8828.6,,,,,,
T408,29,50:2,3.75E+05,4.25E+05,0.8817,10.6,0.89,8266.9,,,,,,
T408,29,50:3,1.55E+05,4.25E+05,0.3656,10,0.84,3419.8,,,,,,
T408,29,50:4,2.32E+04,4.25E+05,0.0547,9.35,0.78,499.9,,,,,,
T408,29,52:0,1.59E+04,4.25E+05,0.0374,12.2,1.02,337.4,,,,,,
T408,29,52:1,2.72E+05,4.25E+05,0.6406,11.76,0.98,6002.6,,,,,,
T408,29,52:2,8.91E+05,4.25E+05,2.0971,11.25,0.94,2750.2,,,,,,
T408,29,52:3,6.69E+05,4.25E+05,1.5739,10.68,0.89,14767.9,,,,,,
T408,29,52:4,2.26E+05,4.25E+05,0.532,10.06,0.84,4982.6,,,,,,
T408,29,52:5,3.21E+04,4.25E+05,0.0756,9.44,0.79,696.2,,,,,,
T408,29,54:1,3.31E+04,4.25E+05,0.0779,12.29,1.03,717.8,,,,,,
T408,29,54:2,2.04E+05,4.25E+05,0.4803,11.84,0.99,4497.1,,,,,,
T408,29,54:3,3.87E+05,4.25E+05,0.9105,11.34,0.95,8537.4,,,,,,
T408,29,54:4,3.75E+05,4.25E+05,0.8825,10.76,0.9,8274.4,,,,,,
T408,29,54:5,1.76E+05,4.25E+05,0.4136,10.14,0.85,3870.6,,,,,,
T408,29,54:6,2.62E+04,4.25E+05,0.0617,9.49,0.79,565.7,,,,,,
T408,29,56:2,3.16E+03,4.25E+05,0.0074,12.79,1.07,55.7,,,,,,
T408,29,56:3,9.22E+03,4.25E+05,0.0217,12.36,1.03,190.0,,,,,,
T408,29,56:4,2.38E+04,4.25E+05,0.0561,11.89,0.99,513.1,,,,,,
T408,29,56:5,2.01E+04,4.25E+05,0.0472,11.36,0.95,429.5,,,,,,
T408,29,56:6,3.66E+04,4.25E+05,0.0862,10.95,0.92,795.8,,,,,,
T408,29,56:7,4.64E+04,4.25E+05,0.1092,10.4,0.87,1011.8,,,,,,
T500,30,48:0,3.22E+04,5.20E+05,0.0618,11.24,0.93,566.6,,,,,,
T500,30,48:1,3.08E+04,5.20E+05,0.0593,10.7,0.88,543.1,,,,,,
T500,30,48:2,3.32E+04,5.20E+05,0.0639,10.08,0.83,586.3,,,,,,
T500,30,48:3,1.27E+04,5.20E+05,0.0243,9.41,0.78,214.4,,,,,,
T500,30,50:0,3.21E+04,5.20E+05,0.0618,11.85,0.98,566.6,,,,,,
T500,30,50:1,1.84E+05,5.20E+05,0.3544,11.33,0.94,3314.6,,,,,,
T500,30,50:2,2.31E+05,5.20E+05,0.4447,10.75,0.89,4162.7,,,,,,
T500,30,50:3,8.04E+04,5.20E+05,0.1546,10.17,0.84,1438.2,,,,,,
T500,30,50:4,1.92E+04,5.20E+05,0.0369,9.49,0.78,332.8,,,,,,
T500,30,52:0,8.62E+03,5.20E+05,0.0166,12.38,1.02,142.1,,,,,,
T500,30,52:1,1.11E+05,5.20E+05,0.2141,11.92,0.98,1997.0,,,,,,
T500,30,52:2,3.53E+05,5.20E+05,0.6787,11.41,0.94,6360.4,,,,,,
T500,30,52:3,4.56E+05,5.20E+05,0.878,10.84,0.89,8232.2,,,,,,
T500,30,52:4,2.48E+05,5.20E+05,0.4765,10.22,0.84,4461.4,,,,,,
T500,30,52:5,4.61E+04,5.20E+05,0.0887,9.6,0.79,819.2,,,,,,
T500,30,54:1,2.27E+04,5.20E+05,0.0436,12.44,1.03,395.7,,,,,,
T500,30,54:2,1.03E+05,5.20E+05,0.1979,11.99,0.99,1844.8,,,,,,
T500,30,54:3,2.05E+05,5.20E+05,0.3952,11.49,0.95,3697.8,,,,,,
T500,30,54:4,2.88E+05,5.20E+05,0.5548,10.92,0.9,5196.8,,,,,,
T500,30,54:5,2.43E+05,5.20E+05,0.4673,10.31,0.85,4375.0,,,,,,
T500,30,54:6,1.04E+05,5.20E+05,0.1999,9.64,0.8,1863.6,,,,,,
T500,30,56:2,1.56E+03,5.20E+05,0.003,12.92,1.07,14.4,,,,,,
T500,30,56:3,4.99E+03,5.20E+05,0.0096,12.5,1.03,76.4,,,,,,
T500,30,56:4,1.30E+04,5.20E+05,0.025,12.06,1,221.0,,,,,,
T500,30,56:5,1.72E+04,5.20E+05,0.0331,11.53,0.95,297.1,,,,,,
T500,30,56:6,3.12E+04,5.20E+05,0.06,11.01,0.91,549.7,,,,,,
T500,30,56:7,4.01E+04,5.20E+05,0.0771,10.47,0.86,710.3,,,,,,
T501,31,48:0,8.67E+03,5.41E+05,0.016,10.99,0.93,136.5,,,,,,
T501,31,48:1,6.74E+03,5.41E+05,0.0125,10.45,0.88,103.6,,,,,,
T501,31,48:2,1.00E+04,5.41E+05,0.0185,9.83,0.83,159.9,,,,,,
T501,31,48:3,8.52E+03,5.41E+05,0.0158,9.12,0.77,134.6,,,,,,
T501,31,50:0,9.10E+03,5.41E+05,0.0168,11.59,0.98,144.0,,,,,,
T501,31,50:1,5.20E+04,5.41E+05,0.0961,11.08,0.93,888.7,,,,,,
T501,31,50:2,7.08E+04,5.41E+05,0.1308,10.51,0.89,1214.6,,,,,,
T501,31,50:3,2.24E+04,5.41E+05,0.0413,9.92,0.84,374.1,,,,,,
T501,31,50:4,9.24E+03,5.41E+05,0.0171,9.28,0.78,146.8,,,,,,
T501,31,52:0,5.28E+03,5.41E+05,0.0098,12.15,1.02,78.2,,,,,,
T501,31,52:1,3.22E+04,5.41E+05,0.0594,11.66,0.98,544.1,,,,,,
T501,31,52:2,9.96E+04,5.41E+05,0.1841,11.15,0.94,1715.2,,,,,,
T501,31,52:3,1.35E+05,5.41E+05,0.2498,10.6,0.89,2332.3,,,,,,
T501,31,52:4,1.08E+05,5.41E+05,0.1987,9.97,0.84,1852.3,,,,,,
T501,31,52:5,2.16E+04,5.41E+05,0.04,9.34,0.79,361.9,,,,,,
T501,31,54:1,4.40E+03,5.41E+05,0.0081,12.2,1.03,62.3,,,,,,
T501,31,54:2,2.11E+04,5.41E+05,0.039,11.73,0.99,352.5,,,,,,
T501,31,54:3,5.71E+04,5.41E+05,0.1055,11.22,0.95,977.0,,,,,,
T501,31,54:4,1.15E+05,5.41E+05,0.2133,10.66,0.9,1989.5,,,,,,
T501,31,54:5,1.10E+05,5.41E+05,0.2032,10.06,0.85,1894.6,,,,,,
T501,31,54:6,6.03E+04,5.41E+05,0.1114,9.41,0.79,1032.4,,,,,,
T501,31,56:2,2.07E+02,5.41E+05,0.0004,12.63,1.06,-10.0,,,,,,
T501,31,56:3,7.18E+02,5.41E+05,0.0013,12.35,1.04,-1.6,,,,,,
T501,31,56:4,1.96E+03,5.41E+05,0.0036,11.76,0.99,20.0,,,,,,
T501,31,56:5,9.26E+03,5.41E+05,0.0171,11.27,0.95,146.8,,,,,,
T501,31,56:6,1.74E+04,5.41E+05,0.0322,10.76,0.91,288.6,,,,,,
T501,31,56:7,3.02E+04,5.41E+05,0.0559,10.16,0.86,511.2,,,,,,
T502 (301),32,48:0,1.61E+04,5.35E+05,0.03,10.91,0.93,267.9,,,,,,
T502 (301),32,48:1,1.09E+04,5.35E+05,0.0204,10.34,0.88,177.8,,,,,,
T502 (301),32,48:2,1.22E+04,5.35E+05,0.0227,9.75,0.83,199.4,,,,,,
T502 (301),32,48:3,1.37E+04,5.35E+05,0.0256,9.08,0.77,226.6,,,,,,
T502 (301),32,50:0,1.84E+04,5.35E+05,0.0344,11.49,0.98,309.3,,,,,,
T502 (301),32,50:1,7.38E+04,5.35E+05,0.1379,10.99,0.93,1281.3,,,,,,
T502 (301),32,50:2,1.05E+05,5.35E+05,0.1954,10.4,0.88,1821.3,,,,,,
T502 (301),32,50:3,3.22E+04,5.35E+05,0.0601,9.82,0.83,550.6,,,,,,
T502 (301),32,50:4,1.51E+04,5.35E+05,0.0281,9.13,0.78,250.1,,,,,,
T502 (301),32,52:0,6.24E+03,5.35E+05,0.0117,12.06,1.02,96.1,,,,,,
T502 (301),32,52:1,4.83E+04,5.35E+05,0.0902,11.59,0.98,833.3,,,,,,
T502 (301),32,52:2,1.73E+05,5.35E+05,0.3223,11.06,0.94,3013.2,,,,,,
T502 (301),32,52:3,2.61E+05,5.35E+05,0.4871,10.49,0.89,4560.9,,,,,,
T502 (301),32,52:4,1.89E+05,5.35E+05,0.3522,9.86,0.84,3294.0,,,,,,
T502 (301),32,52:5,4.59E+04,5.35E+05,0.0858,9.19,0.78,792.0,,,,,,
T502 (301),32,54:1,6.96E+03,5.35E+05,0.013,12.14,1.03,108.3,,,,,,
T502 (301),32,54:2,2.66E+04,5.35E+05,0.0496,11.64,0.99,452.0,,,,,,
T502 (301),32,54:3,1.07E+05,5.35E+05,0.199,11.12,0.94,1855.2,,,,,,
T502 (301),32,54:4,2.15E+05,5.35E+05,0.4023,10.57,0.9,3764.5,,,,,,
T502 (301),32,54:5,2.45E+05,5.35E+05,0.4581,9.95,0.85,4288.6,,,,,,
T502 (301),32,54:6,1.48E+05,5.35E+05,0.2757,9.27,0.79,2575.5,,,,,,
T502 (301),32,56:2,2.43E+02,5.35E+05,0.0005,12.74,1.08,-9.1,,,,,,
T502 (301),32,56:3,1.46E+03,5.35E+05,0.0027,12.21,1.04,11.6,,,,,,
T502 (301),32,56:4,5.56E+03,5.35E+05,0.0104,11.69,0.99,83.9,,,,,,
T502 (301),32,56:5,1.19E+04,5.35E+05,0.0223,11.15,0.95,195.6,,,,,,
T502 (301),32,56:6,1.99E+04,5.35E+05,0.0371,10.69,0.91,334.6,,,,,,
T502 (301),32,56:7,3.60E+04,5.35E+05,0.0673,10.06,0.85,618.3,,,,,,
T503(302),33,48:0,7.74E+03,5.05E+05,0.0153,10.77,0.92,129.9,,,,,,
T503(302),33,48:1,9.56E+03,5.05E+05,0.0189,10.27,0.88,163.7,,,,,,
T503(302),33,48:2,7.34E+03,5.05E+05,0.0145,9.59,0.82,122.4,,,,,,
T503(302),33,48:3,3.75E+03,5.05E+05,0.0074,8.89,0.76,55.7,,,,,,
T503(302),33,50:0,8.44E+03,5.05E+05,0.0167,11.4,0.97,143.0,,,,,,
T503(302),33,50:1,3.43E+04,5.05E+05,0.0678,10.9,0.93,623.0,,,,,,
T503(302),33,50:2,5.24E+04,5.05E+05,0.1037,10.31,0.88,960.1,,,,,,
T503(302),33,50:3,1.60E+04,5.05E+05,0.0316,9.71,0.83,283.0,,,,,,
T503(302),33,50:4,3.68E+03,5.05E+05,0.0073,9.06,0.77,54.8,,,,,,
T503(302),33,52:0,5.73E+03,5.05E+05,0.0113,11.98,1.02,92.3,,,,,,
T503(302),33,52:1,2.09E+04,5.05E+05,0.0413,11.5,0.98,374.1,,,,,,
T503(302),33,52:2,8.70E+04,5.05E+05,0.1723,10.97,0.94,1604.4,,,,,,
T503(302),33,52:3,1.24E+05,5.05E+05,0.2455,10.38,0.89,2291.9,,,,,,
T503(302),33,52:4,8.66E+04,5.05E+05,0.1715,9.75,0.83,1596.9,,,,,,
T503(302),33,52:5,1.58E+04,5.05E+05,0.0313,9.06,0.77,280.2,,,,,,
T503(302),33,54:1,4.96E+03,5.05E+05,0.0098,12.06,1.03,78.2,,,,,,
T503(302),33,54:2,1.31E+04,5.05E+05,0.026,11.57,0.99,230.4,,,,,,
T503(302),33,54:3,4.69E+04,5.05E+05,0.0929,11.04,0.94,858.7,,,,,,
T503(302),33,54:4,8.89E+04,5.05E+05,0.176,10.47,0.89,1639.1,,,,,,
T503(302),33,54:5,9.27E+04,5.05E+05,0.1835,9.83,0.84,1709.6,,,,,,
T503(302),33,54:6,4.79E+04,5.05E+05,0.0949,9.15,0.78,877.5,,,,,,
T503(302),33,56:2,2.43E+02,5.05E+05,0.0005,12.6,1.08,-9.1,,,,,,
T503(302),33,56:3,2.41E+02,5.05E+05,0.0005,12.24,1.05,-9.1,,,,,,
T503(302),33,56:4,3.16E+03,5.05E+05,0.0062,11.57,0.99,44.4,,,,,,
T503(302),33,56:5,4.66E+03,5.05E+05,0.0092,11.06,0.95,72.6,,,,,,
T503(302),33,56:6,1.60E+04,5.05E+05,0.0318,10.55,0.9,284.9,,,,,,
T503(302),33,56:7,1.86E+04,5.05E+05,0.0368,10.1,0.86,331.8,,,,,,
T504 (303),34,48:0,2.33E+04,5.08E+05,0.0459,10.88,0.93,417.3,,,,,,
T504 (303),34,48:1,4.90E+04,5.08E+05,0.0966,10.29,0.88,893.4,,,,,,
T504 (303),34,48:2,5.19E+04,5.08E+05,0.1023,9.67,0.82,947.0,,,,,,
T504 (303),34,48:3,3.30E+04,5.08E+05,0.065,9,0.77,596.7,,,,,,
T504 (303),34,50:0,2.10E+04,5.08E+05,0.0413,11.44,0.98,374.1,,,,,,
T504 (303),34,50:1,1.20E+05,5.08E+05,0.2368,10.93,0.93,2210.2,,,,,,
T504 (303),34,50:2,1.83E+05,5.08E+05,0.3608,10.37,0.88,3374.8,,,,,,
T504 (303),34,50:3,1.15E+05,5.08E+05,0.2266,9.75,0.83,2114.4,,,,,,
T504 (303),34,50:4,2.84E+04,5.08E+05,0.0559,9.09,0.78,511.2,,,,,,
T504 (303),34,52:0,7.64E+03,5.08E+05,0.0151,12.01,1.02,128.0,,,,,,
T504 (303),34,52:1,9.03E+04,5.08E+05,0.1778,11.53,0.98,1656.1,,,,,,
T504 (303),34,52:2,3.23E+05,5.08E+05,0.6371,11.02,0.94,5969.7,,,,,,
T504 (303),34,52:3,3.75E+05,5.08E+05,0.7383,10.44,0.89,6920.2,,,,,,
T504 (303),34,52:4,2.63E+05,5.08E+05,0.519,9.82,0.84,4860.5,,,,,,
T504 (303),34,52:5,7.78E+04,5.08E+05,0.1533,9.16,0.78,1426.0,,,,,,
T504 (303),34,54:1,8.56E+03,5.08E+05,0.0169,12.09,1.03,144.9,,,,,,
T504 (303),34,54:2,4.92E+04,5.08E+05,0.0969,11.6,0.99,896.3,,,,,,
T504 (303),34,54:3,1.43E+05,5.08E+05,0.2807,11.1,0.95,2622.5,,,,,,
T504 (303),34,54:4,2.08E+05,5.08E+05,0.4097,10.52,0.9,3834.0,,,,,,
T504 (303),34,54:5,2.15E+05,5.08E+05,0.4228,9.91,0.84,3957.0,,,,,,
T504 (303),34,54:6,1.20E+05,5.08E+05,0.236,9.23,0.79,2202.7,,,,,,
T504 (303),34,56:2,7.54E+02,5.08E+05,0.0015,12.4,1.06,0.3,,,,,,
T504 (303),34,56:3,0,5.08E+05,0,0,0,-13.8,,,,,,
T504 (303),34,56:4,4.37E+03,5.08E+05,0.0086,11.64,0.99,67.0,,,,,,
T504 (303),34,56:5,1.11E+04,5.08E+05,0.0219,11.12,0.95,191.9,,,,,,
T504 (303),34,56:6,2.11E+04,5.08E+05,0.0416,10.6,0.9,376.9,,,,,,
T504 (303),34,56:7,2.84E+04,5.08E+05,0.0559,10.07,0.86,511.2,,,,,,
T505,35,48:0,2.50E+04,4.88E+05,0.0512,10.89,0.93,467.1,,,,,,
T505,35,48:1,3.82E+04,4.88E+05,0.0782,10.33,0.88,720.6,,,,,,
T505,35,48:2,3.04E+04,4.88E+05,0.0622,9.71,0.83,570.4,,,,,,
T505,35,48:3,1.11E+04,4.88E+05,0.0228,9.05,0.77,200.3,,,,,,
T505,35,50:0,2.45E+04,4.88E+05,0.0502,11.49,0.98,457.7,,,,,,
T505,35,50:1,1.18E+05,4.88E+05,0.2416,10.99,0.93,2255.3,,,,,,
T505,35,50:2,1.66E+05,4.88E+05,0.3405,10.42,0.89,3184.1,,,,,,
T505,35,50:3,7.07E+04,4.88E+05,0.145,9.82,0.83,1348.0,,,,,,
T505,35,50:4,1.86E+04,4.88E+05,0.0381,9.16,0.78,344.0,,,,,,
T505,35,52:0,8.60E+03,4.88E+05,0.0176,12.02,1.02,151.5,,,,,,
T505,35,52:1,6.81E+04,4.88E+05,0.1396,11.57,0.98,1297.3,,,,,,
T505,35,52:2,2.58E+05,4.88E+05,0.5281,11.06,0.94,4946.0,,,,,,
T505,35,52:3,3.31E+05,4.88E+05,0.6792,10.49,0.89,6365.1,,,,,,
T505,35,52:4,2.21E+05,4.88E+05,0.4526,9.88,0.84,4236.9,,,,,,
T505,35,52:5,5.24E+04,4.88E+05,0.1075,9.22,0.78,995.8,,,,,,
T505,35,54:1,4.66E+03,4.88E+05,0.0096,12.12,1.03,76.4,,,,,,
T505,35,54:2,2.77E+04,4.88E+05,0.0567,11.64,0.99,518.7,,,,,,
T505,35,54:3,1.04E+05,4.88E+05,0.2134,11.13,0.95,1990.4,,,,,,
T505,35,54:4,1.68E+05,4.88E+05,0.344,10.57,0.9,3217.0,,,,,,
T505,35,54:5,1.59E+05,4.88E+05,0.3268,9.97,0.85,3055.4,,,,,,
T505,35,54:6,9.79E+04,4.88E+05,0.2006,9.31,0.79,1870.2,,,,,,
T505,35,56:2,2.43E+02,4.88E+05,0.0005,12.58,1.07,-9.1,,,,,,
T505,35,56:3,1.21E+03,4.88E+05,0.0025,12.19,1.04,9.7,,,,,,
T505,35,56:4,2.93E+03,4.88E+05,0.006,11.75,1,42.5,,,,,,
T505,35,56:5,1.08E+04,4.88E+05,0.0221,11.2,0.95,193.8,,,,,,
T505,35,56:6,2.81E+04,4.88E+05,0.0576,10.68,0.91,527.2,,,,,,
T505,35,56:7,4.34E+04,4.88E+05,0.0889,10.21,0.87,821.1,,,,,,
T506,36,48:0,3.02E+04,4.41E+05,0.0686,11.11,0.93,630.5,,,,,,
T506,36,48:1,3.71E+04,4.41E+05,0.0841,10.57,0.88,776.0,,,,,,
T506,36,48:2,3.51E+04,4.41E+05,0.0796,9.94,0.83,733.8,,,,,,
T506,36,48:3,8.98E+03,4.41E+05,0.0204,9.33,0.78,177.8,,,,,,
T506,36,50:0,2.76E+04,4.41E+05,0.0627,11.73,0.98,575.1,,,,,,
T506,36,50:1,1.52E+05,4.41E+05,0.3438,11.2,0.93,3215.1,,,,,,
T506,36,50:2,2.30E+05,4.41E+05,0.5217,10.61,0.89,4885.9,,,,,,
T506,36,50:3,7.87E+04,4.41E+05,0.1785,10.01,0.84,1662.6,,,,,,
T506,36,50:4,3.26E+04,4.41E+05,0.0739,9.38,0.78,680.2,,,,,,
T506,36,52:0,6.52E+03,4.41E+05,0.0148,12.27,1.02,125.2,,,,,,
T506,36,52:1,9.79E+04,4.41E+05,0.2222,11.79,0.98,2073.0,,,,,,
T506,36,52:2,3.25E+05,4.41E+05,0.7377,11.28,0.94,6914.5,,,,,,
T506,36,52:3,4.34E+05,4.41E+05,0.9838,10.71,0.89,9225.8,,,,,,
T506,36,52:4,3.21E+05,4.41E+05,0.7281,10.08,0.84,6824.4,,,,,,
T506,36,52:5,7.50E+04,4.41E+05,0.1701,9.44,0.79,1583.7,,,,,,
T506,36,54:1,1.07E+04,4.41E+05,0.0242,12.32,1.03,213.5,,,,,,
T506,36,54:2,5.28E+04,4.41E+05,0.1197,11.86,0.99,1110.4,,,,,,
T506,36,54:3,1.56E+05,4.41E+05,0.3532,11.36,0.95,3303.4,,,,,,
T506,36,54:4,2.80E+05,4.41E+05,0.6344,10.78,0.9,5944.3,,,,,,
T506,36,54:5,2.78E+05,4.41E+05,0.6314,10.18,0.85,5916.2,,,,,,
T506,36,54:6,1.48E+05,4.41E+05,0.3349,9.52,0.79,3131.5,,,,,,
T506,36,56:2,7.24E+02,4.41E+05,0.0016,12.91,1.08,1.2,,,,,,
T506,36,56:3,7.79E+02,4.41E+05,0.0018,12.28,1.02,3.1,,,,,,
T506,36,56:4,7.93E+03,4.41E+05,0.018,11.88,0.99,155.2,,,,,,
T506,36,56:5,1.68E+04,4.41E+05,0.0382,11.38,0.95,345.0,,,,,,
T506,36,56:6,3.65E+04,4.41E+05,0.0828,10.89,0.91,763.8,,,,,,
T506,36,56:7,6.93E+04,4.41E+05,0.1571,10.36,0.86,1461.6,,,,,,
,,,,,,,,,,,,,,
,,,,,,,,,,,,,,
,,,,,,,,,,,,,,
,,,,,,,,,,,,,,
,,,,,,,,,,,,,,
,,,,,,,,,,,,,,
,,,,,,,,,,,,,,
,,,,,,,,,,,,,,
,,,,,,,,,,,,,,
,,,,,,,,,,,,,,
,,,,,,,,,,,,,,
,,,,,,,,,,,,,,
,,,,,,,,,,,,,,
,,,,,,,,,,,,,,
,,,,,,,,,,,,,,
,,,,,,,,,,,,,,
,,,,,,,,,,,,,,
,,,,,,,,,,,,,,
,,,,,,,,,,,,,,
,,,,,,,,,,,,,,
,,,,,,,,,,,,,,
,,,,,,,,,,,,,,
,,,,,,,,,,,,,,
,,,,,,,,,,,,,,
,,,,,,,,,,,,,,
,,,,,,,,,,,,,,
,,,,,,,,,,,,,,
,,,,,,,,,,,,,,
,,,,,,,,,,,,,,
,,,,,,,,,,,,,,
,,,,,,,,,,,,,,
,,,,,,,,,,,,,,
,,,,,,,,,,,,,,
,,,,,,,,,,,,,,
,,,,,,,,,,,,,,
,,,,,,,,,,,,,,
,,,,,,,,,,,,,,
,,,,,,,,,,,,,,
,,,,,,,,,,,,,,
,,,,,,,,,,,,,,
,,,,,,,,,,,,,,
,,,,,,,,,,,,,,
,,,,,,,,,,,,,,
,,,,,,,,,,,,,,
,,,,,,,,,,,,,,
,,,,,,,,,,,,,,
,,,,,,,,,,,,,,
,,,,,,,,,,,,,,
,,,,,,,,,,,,,,
,,,,,,,,,,,,,,
,,,,,,,,,,,,,,
,,,,,,,,,,,,,,
,,,,,,,,,,,,,,
,,,,,,,,,,,,,,
,,,,,,,,,,,,,,
,,,,,,,,,,,,,,
,,,,,,,,,,,,,,
,,,,,,,,,,,,,,
,,,,,,,,,,,,,,
,,,,,,,,,,,,,,
,,,,,,,,,,,,,,
,,,,,,,,,,,,,,
,,,,,,,,,,,,,,
,,,,,,,,,,,,,,
,,,,,,,,,,,,,,
,,,,,,,,,,,,,,
,,,,,,,,,,,,,,
,,,,,,,,,,,,,,
,,,,,,,,,,,,,,
,,,,,,,,,,,,,,
,,,,,,,,,,,,,,
,,,,,,,,,,,,,,
,,,,,,,,,,,,,,
,,,,,,,,,,,,,,
,,,,,,,,,,,,,,
,,,,,,,,,,,,,,
,,,,,,,,,,,,,,
,,,,,,,,,,,,,,
,,,,,,,,,,,,,,
,,,,,,,,,,,,,,
,,,,,,,,,,,,,,
,,,,,,,,,,,,,,
,,,,,,,,,,,,,,
,,,,,,,,,,,,,,
,,,,,,,,,,,,,,
,,,,,,,,,,,,,,
,,,,,,,,,,,,,,
,,,,,,,,,,,,,,
,,,,,,,,,,,,,,
,,,,,,,,,,,,,,
,,,,,,,,,,,,,,
,,,,,,,,,,,,,,
,,,,,,,,,,,,,,
,,,,,,,,,,,,,,
,,,,,,,,,,,,,,
,,,,,,,,,,,,,,
,,,,,,,,,,,,,,
,,,,,,,,,,,,,,
,,,,,,,,,,,,,,
,,,,,,,,,,,,,,
,,,,,,,,,,,,,,
,,,,,,,,,,,,,,
,,,,,,,,,,,,,,
,,,,,,,,,,,,,,
,,,,,,,,,,,,,,
,,,,,,,,,,,,,,
,,,,,,,,,,,,,,
,,,,,,,,,,,,,,
,,,,,,,,,,,,,,
,,,,,,,,,,,,,,
,,,,,,,,,,,,,,
,,,,,,,,,,,,,,
,,,,,,,,,,,,,,
,,,,,,,,,,,,,,
,,,,,,,,,,,,,,
,,,,,,,,,,,,,,
,,,,,,,,,,,,,,
,,,,,,,,,,,,,,
,,,,,,,,,,,,,,
,,,,,,,,,,,,,,
,,,,,,,,,,,,,,
,,,,,,,,,,,,,,
,,,,,,,,,,,,,,
,,,,,,,,,,,,,,
,,,,,,,,,,,,,,
,,,,,,,,,,,,,,
,,,,,,,,,,,,,,
,,,,,,,,,,,,,,
,,,,,,,,,,,,,,
,,,,,,,,,,,,,,
,,,,,,,,,,,,,,
,,,,,,,,,,,,,,
,,,,,,,,,,,,,,
,,,,,,,,,,,,,,
,,,,,,,,,,,,,,
,,,,,,,,,,,,,,
,,,,,,,,,,,,,,
,,,,,,,,,,,,,,
,,,,,,,,,,,,,,
,,,,,,,,,,,,,,
,,,,,,,,,,,,,,
,,,,,,,,,,,,,,
,,,,,,,,,,,,,,
,,,,,,,,,,,,,,
,,,,,,,,,,,,,,
,,,,,,,,,,,,,,
,,,,,,,,,,,,,,
,,,,,,,,,,,,,,
,,,,,,,,,,,,,,
,,,,,,,,,,,,,,
,,,,,,,,,,,,,,
,,,,,,,,,,,,,,
,,,,,,,,,,,,,,
,,,,,,,,,,,,,,
,,,,,,,,,,,,,,
,,,,,,,,,,,,,,
,,,,,,,,,,,,,,
,,,,,,,,,,,,,,
,,,,,,,,,,,,,,
,,,,,,,,,,,,,,
,,,,,,,,,,,,,,
,,,,,,,,,,,,,,
,,,,,,,,,,,,,,
,,,,,,,,,,,,,,
,,,,,,,,,,,,,,
,,,,,,,,,,,,,,
,,,,,,,,,,,,,,
,,,,,,,,,,,,,,
,,,,,,,,,,,,,,
,,,,,,,,,,,,,,
,,,,,,,,,,,,,,
,,,,,,,,,,,,,,
,,,,,,,,,,,,,,
,,,,,,,,,,,,,,
,,,,,,,,,,,,,,
,,,,,,,,,,,,,,
,,,,,,,,,,,,,,
,,,,,,,,,,,,,,
,,,,,,,,,,,,,,
,,,,,,,,,,,,,,
,,,,,,,,,,,,,,
,,,,,,,,,,,,,,
,,,,,,,,,,,,,,
,,,,,,,,,,,,,,
,,,,,,,,,,,,,,
,,,,,,,,,,,,,,
,,,,,,,,,,,,,,
,,,,,,,,,,,,,,
,,,,,,,,,,,,,,
,,,,,,,,,,,,,,
,,,,,,,,,,,,,,
,,,,,,,,,,,,,,
,,,,,,,,,,,,,,
,,,,,,,,,,,,,,
,,,,,,,,,,,,,,
,,,,,,,,,,,,,,
,,,,,,,,,,,,,,
,,,,,,,,,,,,,,
,,,,,,,,,,,,,,
,,,,,,,,,,,,,,
,,,,,,,,,,,,,,
,,,,,,,,,,,,,,
,,,,,,,,,,,,,,
,,,,,,,,,,,,,,
,,,,,,,,,,,,,,
,,,,,,,,,,,,,,
,,,,,,,,,,,,,,
,,,,,,,,,,,,,,
,,,,,,,,,,,,,,
,,,,,,,,,,,,,,
,,,,,,,,,,,,,,
,,,,,,,,,,,,,,
,,,,,,,,,,,,,,
,,,,,,,,,,,,,,
,,,,,,,,,,,,,,
,,,,,,,,,,,,,,
,,,,,,,,,,,,,,
,,,,,,,,,,,,,,
,,,,,,,,,,,,,,
,,,,,,,,,,,,,,
,,,,,,,,,,,,,,
,,,,,,,,,,,,,,
,,,,,,,,,,,,,,
,,,,,,,,,,,,,,
,,,,,,,,,,,,,,
,,,,,,,,,,,,,,
,,,,,,,,,,,,,,
,,,,,,,,,,,,,,
,,,,,,,,,,,,,,
,,,,,,,,,,,,,,
,,,,,,,,,,,,,,
,,,,,,,,,,,,,,
,,,,,,,,,,,,,,
,,,,,,,,,,,,,,
,,,,,,,,,,,,,,
,,,,,,,,,,,,,,
,,,,,,,,,,,,,,
,,,,,,,,,,,,,,
,,,,,,,,,,,,,,
,,,,,,,,,,,,,,
,,,,,,,,,,,,,,
,,,,,,,,,,,,,,
,,,,,,,,,,,,,,
,,,,,,,,,,,,,,
,,,,,,,,,,,,,,
,,,,,,,,,,,,,,
,,,,,,,,,,,,,,
,,,,,,,,,,,,,,
,,,,,,,,,,,,,,
,,,,,,,,,,,,,,
,,,,,,,,,,,,,,
,,,,,,,,,,,,,,
,,,,,,,,,,,,,,
,,,,,,,,,,,,,,
,,,,,,,,,,,,,,
,,,,,,,,,,,,,,
,,,,,,,,,,,,,,
,,,,,,,,,,,,,,
,,,,,,,,,,,,,,
,,,,,,,,,,,,,,
,,,,,,,,,,,,,,
,,,,,,,,,,,,,,
,,,,,,,,,,,,,,
,,,,,,,,,,,,,,
,,,,,,,,,,,,,,
,,,,,,,,,,,,,,
,,,,,,,,,,,,,,
,,,,,,,,,,,,,,
,,,,,,,,,,,,,,
