UO ID,Sample ,Component Name,Area,IS Area,Area Ratio,Retention Time,pmol,ref std
T101,1,14:0SPM,2.68E+04,7.17E+04,0.3736,13.46,103.3,18:0SPM
T103,2,14:0SPM,3.04E+04,5.98E+04,0.5092,13.62,140.8,18:0SPM
T104,3,14:0SPM,3.01E+04,4.80E+04,0.6266,13.44,173.3,18:0SPM
T105,4,14:0SPM,2.76E+04,8.09E+04,0.3412,13.47,94.3,18:0SPM
T106,5,14:0SPM,3.47E+04,6.49E+04,0.5352,13.65,148.0,18:0SPM
T107,6,14:0SPM,4.51E+04,5.75E+04,0.7833,13.64,216.7,18:0SPM
T108,7,14:0SPM,2.93E+04,5.31E+04,0.5515,13.66,152.5,18:0SPM
T109,8,14:0SPM,2.94E+04,6.09E+04,0.4828,13.66,133.5,18:0SPM
T201,9,14:0SPM,2.44E+04,5.57E+04,0.4382,13.65,121.1,18:0SPM
T202,10,14:0SPM,2.81E+04,6.17E+04,0.4557,13.5,126.0,18:0SPM
T203,11,14:0SPM,3.49E+04,6.29E+04,0.5541,13.42,153.3,18:0SPM
T204,12,14:0SPM,3.99E+04,6.55E+04,0.6092,13.49,168.5,18:0SPM
T205,13,14:0SPM,3.09E+04,6.09E+04,0.5065,13.5,140.1,18:0SPM
T304,14,14:0SPM,3.46E+04,6.49E+04,0.5338,13.49,147.6,18:0SPM
T305,15,14:0SPM,2.66E+04,7.85E+04,0.3388,13.52,93.6,18:0SPM
T306,16,14:0SPM,3.57E+04,6.62E+04,0.5386,13.52,149.0,18:0SPM
T307,17,14:0SPM,3.17E+04,8.42E+04,0.3763,13.51,104.0,18:0SPM
T308,18,14:0SPM,3.62E+04,7.58E+04,0.4775,13.52,132.0,18:0SPM
T309,19,14:0SPM,3.63E+04,6.81E+04,0.5337,13.5,147.6,18:0SPM
T311,20,14:0SPM,3.38E+04,6.08E+04,0.5556,13.51,153.7,18:0SPM
T312,21,14:0SPM,2.91E+04,6.67E+04,0.4363,13.53,120.6,18:0SPM
T400,22,14:0SPM,3.17E+04,5.57E+04,0.5694,13.51,157.5,18:0SPM
T401,23,14:0SPM,2.87E+04,6.60E+04,0.4347,13.49,120.2,18:0SPM
T402,24,14:0SPM,3.52E+04,5.91E+04,0.5962,13.51,164.9,18:0SPM
T404,25,14:0SPM,4.89E+04,7.07E+04,0.6911,13.52,191.2,18:0SPM
T405,26,14:0SPM,4.94E+04,6.66E+04,0.7405,13.5,204.9,18:0SPM
T406,27,14:0SPM,3.23E+04,6.37E+04,0.5072,13.65,140.3,18:0SPM
T407,28,14:0SPM,4.32E+04,7.00E+04,0.6165,13.49,170.5,18:0SPM
T408,29,14:0SPM,3.87E+04,7.15E+04,0.541,13.7,149.6,18:0SPM
T500,30,14:0SPM,3.08E+04,6.63E+04,0.465,13.52,128.6,18:0SPM
T501,31,14:0SPM,2.84E+04,7.02E+04,0.4041,13.67,111.7,18:0SPM
T502,32,14:0SPM,2.74E+04,7.14E+04,0.3841,13.55,106.2,18:0SPM
T503,33,14:0SPM,3.17E+04,7.61E+04,0.4161,13.69,115.0,18:0SPM
T504,34,14:0SPM,3.94E+04,6.84E+04,0.5755,13.58,159.2,18:0SPM
T505,35,14:0SPM,3.50E+04,7.00E+04,0.4995,13.52,138.1,18:0SPM
T506,36,14:0SPM,3.16E+04,7.35E+04,0.4301,13.52,118.9,18:0SPM
T101,1,16:0SPM,8.57E+05,7.17E+04,11.9587,13.33,3312.4,18:0SPM
T103,2,16:0SPM,8.29E+05,5.98E+04,13.8736,13.49,3842.9,18:0SPM
T104,3,16:0SPM,9.99E+05,4.80E+04,20.8247,13.32,5768.4,18:0SPM
T105,4,16:0SPM,9.65E+05,8.09E+04,11.9209,13.34,3302.0,18:0SPM
T106,5,16:0SPM,1.03E+06,6.49E+04,15.8906,13.51,4401.6,18:0SPM
T107,6,16:0SPM,1.01E+06,5.75E+04,17.5771,13.51,4868.8,18:0SPM
T108,7,16:0SPM,8.23E+05,5.31E+04,15.5009,13.52,4293.6,18:0SPM
T109,8,16:0SPM,7.95E+05,6.09E+04,13.0562,13.52,3616.4,18:0SPM
T201,9,16:0SPM,7.12E+05,5.57E+04,12.7668,13.52,3536.3,18:0SPM
T202,10,16:0SPM,8.45E+05,6.17E+04,13.7003,13.36,3794.9,18:0SPM
T203,11,16:0SPM,9.44E+05,6.29E+04,15.0084,13.28,4157.2,18:0SPM
T204,12,16:0SPM,1.08E+06,6.55E+04,16.4555,13.35,4558.1,18:0SPM
T205,13,16:0SPM,9.52E+05,6.09E+04,15.6319,13.35,4329.9,18:0SPM
T304,14,16:0SPM,1.14E+06,6.49E+04,17.5096,13.36,4850.1,18:0SPM
T305,15,16:0SPM,9.45E+05,7.85E+04,12.0267,13.38,3331.3,18:0SPM
T306,16,16:0SPM,1.26E+06,6.62E+04,18.9829,13.38,5258.2,18:0SPM
T307,17,16:0SPM,8.56E+05,8.42E+04,10.1649,13.38,2815.5,18:0SPM
T308,18,16:0SPM,8.63E+05,7.58E+04,11.3951,13.37,3156.3,18:0SPM
T309,19,16:0SPM,1.11E+06,6.81E+04,16.3319,13.36,4523.8,18:0SPM
T311,20,16:0SPM,1.18E+06,6.08E+04,19.406,13.37,5375.4,18:0SPM
T312,21,16:0SPM,9.56E+05,6.67E+04,14.3434,13.4,3973.0,18:0SPM
T400,22,16:0SPM,8.31E+05,5.57E+04,14.9112,13.37,4130.3,18:0SPM
T401,23,16:0SPM,8.58E+05,6.60E+04,13.0048,13.36,3602.2,18:0SPM
T402,24,16:0SPM,8.78E+05,5.91E+04,14.8506,13.37,4113.5,18:0SPM
T404,25,16:0SPM,1.16E+06,7.07E+04,16.3488,13.39,4528.5,18:0SPM
T405,26,16:0SPM,1.19E+06,6.66E+04,17.8397,13.37,4941.5,18:0SPM
T406,27,16:0SPM,1.02E+06,6.37E+04,15.9493,13.51,4417.9,18:0SPM
T407,28,16:0SPM,9.27E+05,7.00E+04,13.2306,13.36,3664.8,18:0SPM
T408,29,16:0SPM,9.95E+05,7.15E+04,13.9194,13.56,3855.6,18:0SPM
T500,30,16:0SPM,1.01E+06,6.63E+04,15.2941,13.39,4236.4,18:0SPM
T501,31,16:0SPM,9.98E+05,7.02E+04,14.2123,13.54,3936.7,18:0SPM
T502,32,16:0SPM,8.93E+05,7.14E+04,12.5112,13.42,3465.5,18:0SPM
T503,33,16:0SPM,9.61E+05,7.61E+04,12.6296,13.55,3498.3,18:0SPM
T504,34,16:0SPM,1.04E+06,6.84E+04,15.1265,13.45,4189.9,18:0SPM
T505,35,16:0SPM,9.24E+05,7.00E+04,13.2073,13.38,3658.3,18:0SPM
T506,36,16:0SPM,9.58E+05,7.35E+04,13.0412,13.39,3612.3,18:0SPM
T101,1,16:1SPM,3.76E+04,7.17E+04,0.5248,13.4,145.1,18:0SPM
T103,2,16:1SPM,3.76E+04,5.98E+04,0.6295,13.56,174.1,18:0SPM
T104,3,16:1SPM,3.42E+04,4.80E+04,0.713,13.39,197.3,18:0SPM
T105,4,16:1SPM,3.98E+04,8.09E+04,0.4918,13.4,136.0,18:0SPM
T106,5,16:1SPM,4.16E+04,6.49E+04,0.6415,13.59,177.5,18:0SPM
T107,6,16:1SPM,4.36E+04,5.75E+04,0.7575,13.57,209.6,18:0SPM
T108,7,16:1SPM,3.69E+04,5.31E+04,0.6947,13.6,192.2,18:0SPM
T109,8,16:1SPM,2.72E+04,6.09E+04,0.4462,13.59,123.4,18:0SPM
T201,9,16:1SPM,2.67E+04,5.57E+04,0.4799,13.58,132.7,18:0SPM
T202,10,16:1SPM,3.44E+04,6.17E+04,0.5574,13.42,154.2,18:0SPM
T203,11,16:1SPM,3.89E+04,6.29E+04,0.6192,13.35,171.3,18:0SPM
T204,12,16:1SPM,3.56E+04,6.55E+04,0.5435,13.42,150.3,18:0SPM
T205,13,16:1SPM,4.02E+04,6.09E+04,0.6607,13.42,182.8,18:0SPM
T304,14,16:1SPM,3.79E+04,6.49E+04,0.5848,13.42,161.8,18:0SPM
T305,15,16:1SPM,2.58E+04,7.85E+04,0.3289,13.44,90.9,18:0SPM
T306,16,16:1SPM,5.06E+04,6.62E+04,0.7642,13.45,211.5,18:0SPM
T307,17,16:1SPM,4.02E+04,8.42E+04,0.4777,13.45,132.1,18:0SPM
T308,18,16:1SPM,2.49E+04,7.58E+04,0.3287,13.45,90.8,18:0SPM
T309,19,16:1SPM,4.11E+04,6.81E+04,0.6033,13.43,166.9,18:0SPM
T311,20,16:1SPM,4.45E+04,6.08E+04,0.7314,13.44,202.4,18:0SPM
T312,21,16:1SPM,3.54E+04,6.67E+04,0.5313,13.46,146.9,18:0SPM
T400,22,16:1SPM,3.03E+04,5.57E+04,0.544,13.44,150.5,18:0SPM
T401,23,16:1SPM,2.07E+04,6.60E+04,0.3132,13.41,86.5,18:0SPM
T402,24,16:1SPM,2.27E+04,5.91E+04,0.3835,13.45,106.0,18:0SPM
T404,25,16:1SPM,3.34E+04,7.07E+04,0.4722,13.45,130.6,18:0SPM
T405,26,16:1SPM,3.13E+04,6.66E+04,0.4692,13.44,129.7,18:0SPM
T406,27,16:1SPM,4.20E+04,6.37E+04,0.6585,13.58,182.2,18:0SPM
T407,28,16:1SPM,4.12E+04,7.00E+04,0.588,13.42,162.6,18:0SPM
T408,29,16:1SPM,4.26E+04,7.15E+04,0.5965,13.63,165.0,18:0SPM
T500,30,16:1SPM,3.19E+04,6.63E+04,0.4811,13.46,133.0,18:0SPM
T501,31,16:1SPM,4.19E+04,7.02E+04,0.596,13.61,164.9,18:0SPM
T502,32,16:1SPM,2.55E+04,7.14E+04,0.3571,13.49,98.7,18:0SPM
T503,33,16:1SPM,4.20E+04,7.61E+04,0.5519,13.63,152.6,18:0SPM
T504,34,16:1SPM,3.47E+04,6.84E+04,0.5076,13.51,140.4,18:0SPM
T505,35,16:1SPM,3.61E+04,7.00E+04,0.5162,13.46,142.8,18:0SPM
T506,36,16:1SPM,3.76E+04,7.35E+04,0.5116,13.46,141.5,18:0SPM
T101,1,18:0SPM,1.36E+06,7.17E+04,18.9107,13.19,5238.2,18:0SPM
T103,2,18:0SPM,1.37E+06,5.98E+04,22.8529,13.35,6330.2,18:0SPM
T104,3,18:0SPM,1.56E+06,4.80E+04,32.5566,13.18,9018.2,18:0SPM
T105,4,18:0SPM,1.35E+06,8.09E+04,16.6727,13.2,4618.2,18:0SPM
T106,5,18:0SPM,1.55E+06,6.49E+04,23.8678,13.38,6611.3,18:0SPM
T107,6,18:0SPM,1.46E+06,5.75E+04,25.4479,13.37,7049.0,18:0SPM
T108,7,18:0SPM,1.30E+06,5.31E+04,24.5595,13.39,6803.0,18:0SPM
T109,8,18:0SPM,1.42E+06,6.09E+04,23.3023,13.39,6454.7,18:0SPM
T201,9,18:0SPM,1.25E+06,5.57E+04,22.4832,13.39,6227.8,18:0SPM
T202,10,18:0SPM,1.52E+06,6.17E+04,24.6248,13.22,6821.0,18:0SPM
T203,11,18:0SPM,1.30E+06,6.29E+04,20.6315,13.14,5714.9,18:0SPM
T204,12,18:0SPM,1.28E+06,6.55E+04,19.4948,13.22,5400.0,18:0SPM
T205,13,18:0SPM,1.27E+06,6.09E+04,20.9036,13.21,5790.2,18:0SPM
T304,14,18:0SPM,1.21E+06,6.49E+04,18.6524,13.22,5166.6,18:0SPM
T305,15,18:0SPM,1.39E+06,7.85E+04,17.632,13.24,4884.0,18:0SPM
T306,16,18:0SPM,1.25E+06,6.62E+04,18.9158,13.25,5239.6,18:0SPM
T307,17,18:0SPM,1.54E+06,8.42E+04,18.2563,13.25,5056.9,18:0SPM
T308,18,18:0SPM,1.47E+06,7.58E+04,19.4282,13.23,5381.5,18:0SPM
T309,19,18:0SPM,1.54E+06,6.81E+04,22.623,13.23,6266.5,18:0SPM
T311,20,18:0SPM,1.36E+06,6.08E+04,22.4361,13.23,6214.8,18:0SPM
T312,21,18:0SPM,1.32E+06,6.67E+04,19.8659,13.26,5502.8,18:0SPM
T400,22,18:0SPM,1.47E+06,5.57E+04,26.3093,13.24,7287.7,18:0SPM
T401,23,18:0SPM,1.31E+06,6.60E+04,19.7829,13.22,5479.8,18:0SPM
T402,24,18:0SPM,1.71E+06,5.91E+04,28.8819,13.24,8000.3,18:0SPM
T404,25,18:0SPM,1.68E+06,7.07E+04,23.683,13.26,6560.2,18:0SPM
T405,26,18:0SPM,1.36E+06,6.66E+04,20.3331,13.24,5632.2,18:0SPM
T406,27,18:0SPM,1.55E+06,6.37E+04,24.3707,13.37,6750.7,18:0SPM
T407,28,18:0SPM,1.83E+06,7.00E+04,26.1105,13.22,7232.6,18:0SPM
T408,29,18:0SPM,1.95E+06,7.15E+04,27.3172,13.43,7566.9,18:0SPM
T500,30,18:0SPM,1.82E+06,6.63E+04,27.5208,13.26,7623.3,18:0SPM
T501,31,18:0SPM,1.89E+06,7.02E+04,26.9468,13.4,7464.3,18:0SPM
T502,32,18:0SPM,1.58E+06,7.14E+04,22.0644,13.29,6111.8,18:0SPM
T503,33,18:0SPM,1.67E+06,7.61E+04,21.9293,13.42,6074.4,18:0SPM
T504,34,18:0SPM,1.80E+06,6.84E+04,26.318,13.31,7290.1,18:0SPM
T505,35,18:0SPM,1.68E+06,7.00E+04,24.0397,13.25,6659.0,18:0SPM
T506,36,18:0SPM,1.41E+06,7.35E+04,19.1379,13.25,5301.1,18:0SPM
T101,1,18:1SPM,1.41E+05,7.17E+04,1.971,13.26,545.7,18:0SPM
T103,2,18:1SPM,1.31E+05,5.98E+04,2.1836,13.42,604.6,18:0SPM
T104,3,18:1SPM,1.10E+05,4.80E+04,2.2937,13.25,635.1,18:0SPM
T105,4,18:1SPM,1.25E+05,8.09E+04,1.5445,13.27,427.6,18:0SPM
T106,5,18:1SPM,1.37E+05,6.49E+04,2.1192,13.44,586.8,18:0SPM
T107,6,18:1SPM,1.34E+05,5.75E+04,2.3355,13.43,646.7,18:0SPM
T108,7,18:1SPM,1.38E+05,5.31E+04,2.589,13.45,716.9,18:0SPM
T109,8,18:1SPM,1.21E+05,6.09E+04,1.9823,13.46,548.9,18:0SPM
T201,9,18:1SPM,9.21E+04,5.57E+04,1.6532,13.45,457.7,18:0SPM
T202,10,18:1SPM,1.14E+05,6.17E+04,1.8418,13.29,510.0,18:0SPM
T203,11,18:1SPM,1.53E+05,6.29E+04,2.4321,13.21,673.5,18:0SPM
T204,12,18:1SPM,9.65E+04,6.55E+04,1.4733,13.28,407.9,18:0SPM
T205,13,18:1SPM,1.25E+05,6.09E+04,2.0458,13.28,566.5,18:0SPM
T304,14,18:1SPM,1.15E+05,6.49E+04,1.7746,13.28,491.3,18:0SPM
T305,15,18:1SPM,1.14E+05,7.85E+04,1.4536,13.31,402.4,18:0SPM
T306,16,18:1SPM,1.27E+05,6.62E+04,1.9156,13.31,530.4,18:0SPM
T307,17,18:1SPM,1.55E+05,8.42E+04,1.8356,13.3,508.2,18:0SPM
T308,18,18:1SPM,8.03E+04,7.58E+04,1.0601,13.3,293.4,18:0SPM
T309,19,18:1SPM,1.06E+05,6.81E+04,1.5573,13.29,431.1,18:0SPM
T311,20,18:1SPM,1.38E+05,6.08E+04,2.2626,13.3,626.5,18:0SPM
T312,21,18:1SPM,1.27E+05,6.67E+04,1.9036,13.32,527.1,18:0SPM
T400,22,18:1SPM,1.29E+05,5.57E+04,2.3157,13.3,641.2,18:0SPM
T401,23,18:1SPM,6.68E+04,6.60E+04,1.0119,13.28,280.1,18:0SPM
T402,24,18:1SPM,9.45E+04,5.91E+04,1.5991,13.31,442.7,18:0SPM
T404,25,18:1SPM,8.53E+04,7.07E+04,1.2059,13.32,333.8,18:0SPM
T405,26,18:1SPM,8.28E+04,6.66E+04,1.2431,13.3,344.1,18:0SPM
T406,27,18:1SPM,1.53E+05,6.37E+04,2.3965,13.44,663.6,18:0SPM
T407,28,18:1SPM,1.75E+05,7.00E+04,2.5046,13.29,693.6,18:0SPM
T408,29,18:1SPM,2.14E+05,7.15E+04,2.9888,13.49,827.7,18:0SPM
T500,30,18:1SPM,1.21E+05,6.63E+04,1.8183,13.31,503.4,18:0SPM
T501,31,18:1SPM,1.74E+05,7.02E+04,2.4756,13.47,685.5,18:0SPM
T502,32,18:1SPM,1.08E+05,7.14E+04,1.5182,13.35,420.3,18:0SPM
T503,33,18:1SPM,1.76E+05,7.61E+04,2.3148,13.48,641.0,18:0SPM
T504,34,18:1SPM,1.74E+05,6.84E+04,2.5472,13.38,705.4,18:0SPM
T505,35,18:1SPM,1.54E+05,7.00E+04,2.2055,13.32,610.7,18:0SPM
T506,36,18:1SPM,1.38E+05,7.35E+04,1.8734,13.32,518.7,18:0SPM
T101,1,20:0SPM,9.51E+04,7.17E+04,1.3279,13.07,367.6,18:0SPM
T103,2,20:0SPM,1.21E+05,5.98E+04,2.0149,13.23,557.9,18:0SPM
T104,3,20:0SPM,1.21E+05,4.80E+04,2.5204,13.06,697.9,18:0SPM
T105,4,20:0SPM,1.02E+05,8.09E+04,1.2629,13.07,349.6,18:0SPM
T106,5,20:0SPM,1.06E+05,6.49E+04,1.6403,13.25,454.1,18:0SPM
T107,6,20:0SPM,1.45E+05,5.75E+04,2.5121,13.25,695.6,18:0SPM
T108,7,20:0SPM,9.84E+04,5.31E+04,1.8526,13.27,513.0,18:0SPM
T109,8,20:0SPM,1.21E+05,6.09E+04,1.9847,13.27,549.5,18:0SPM
T201,9,20:0SPM,1.41E+05,5.57E+04,2.5273,13.27,699.8,18:0SPM
T202,10,20:0SPM,1.39E+05,6.17E+04,2.2442,13.11,621.4,18:0SPM
T203,11,20:0SPM,1.34E+05,6.29E+04,2.1356,13.03,591.3,18:0SPM
T204,12,20:0SPM,1.19E+05,6.55E+04,1.8165,13.1,503.0,18:0SPM
T205,13,20:0SPM,1.30E+05,6.09E+04,2.135,13.1,591.2,18:0SPM
T304,14,20:0SPM,1.39E+05,6.49E+04,2.136,13.11,591.5,18:0SPM
T305,15,20:0SPM,9.15E+04,7.85E+04,1.1644,13.12,322.3,18:0SPM
T306,16,20:0SPM,1.30E+05,6.62E+04,1.9652,13.13,544.1,18:0SPM
T307,17,20:0SPM,1.15E+05,8.42E+04,1.36,13.12,376.5,18:0SPM
T308,18,20:0SPM,1.29E+05,7.58E+04,1.6998,13.11,470.6,18:0SPM
T309,19,20:0SPM,1.47E+05,6.81E+04,2.1601,13.12,598.1,18:0SPM
T311,20,20:0SPM,1.42E+05,6.08E+04,2.3345,13.12,646.4,18:0SPM
T312,21,20:0SPM,1.40E+05,6.67E+04,2.093,13.14,579.5,18:0SPM
T400,22,20:0SPM,1.55E+05,5.57E+04,2.7759,13.12,768.7,18:0SPM
T401,23,20:0SPM,1.54E+05,6.60E+04,2.3278,13.11,644.6,18:0SPM
T402,24,20:0SPM,1.58E+05,5.91E+04,2.6753,13.12,740.8,18:0SPM
T404,25,20:0SPM,1.67E+05,7.07E+04,2.3666,13.14,655.3,18:0SPM
T405,26,20:0SPM,1.21E+05,6.66E+04,1.8173,13.13,503.2,18:0SPM
T406,27,20:0SPM,1.35E+05,6.37E+04,2.1218,13.25,587.5,18:0SPM
T407,28,20:0SPM,1.65E+05,7.00E+04,2.3514,13.1,651.1,18:0SPM
T408,29,20:0SPM,1.28E+05,7.15E+04,1.7939,13.3,496.7,18:0SPM
T500,30,20:0SPM,1.59E+05,6.63E+04,2.3992,13.13,664.4,18:0SPM
T501,31,20:0SPM,1.23E+05,7.02E+04,1.749,13.27,484.3,18:0SPM
T502,32,20:0SPM,1.63E+05,7.14E+04,2.2882,13.17,633.6,18:0SPM
T503,33,20:0SPM,1.39E+05,7.61E+04,1.8252,13.29,505.4,18:0SPM
T504,34,20:0SPM,1.83E+05,6.84E+04,2.6799,13.19,742.1,18:0SPM
T505,35,20:0SPM,1.35E+05,7.00E+04,1.9329,13.13,535.2,18:0SPM
T506,36,20:0SPM,1.36E+05,7.35E+04,1.8521,13.13,512.8,18:0SPM
T101,1,22:0SPM,2.24E+05,7.17E+04,3.1217,12.97,1152.9,24:1SPM
T103,2,22:0SPM,2.10E+05,5.98E+04,3.5054,13.14,1294.5,24:1SPM
T104,3,22:0SPM,2.42E+05,4.80E+04,5.0365,12.97,1859.5,24:1SPM
T105,4,22:0SPM,2.23E+05,8.09E+04,2.7548,12.98,1017.5,24:1SPM
T106,5,22:0SPM,2.00E+05,6.49E+04,3.0777,13.16,1136.7,24:1SPM
T107,6,22:0SPM,2.32E+05,5.75E+04,4.0224,13.16,1485.3,24:1SPM
T108,7,22:0SPM,2.46E+05,5.31E+04,4.6374,13.17,1712.2,24:1SPM
T109,8,22:0SPM,2.19E+05,6.09E+04,3.5996,13.17,1329.3,24:1SPM
T201,9,22:0SPM,4.92E+05,5.57E+04,8.8297,13.17,3259.2,24:1SPM
T202,10,22:0SPM,3.80E+05,6.17E+04,6.1533,13.01,2271.6,24:1SPM
T203,11,22:0SPM,3.77E+05,6.29E+04,6.0003,12.93,2215.1,24:1SPM
T204,12,22:0SPM,3.64E+05,6.55E+04,5.5516,13,2049.6,24:1SPM
T205,13,22:0SPM,3.87E+05,6.09E+04,6.3474,13,2343.2,24:1SPM
T304,14,22:0SPM,2.70E+05,6.49E+04,4.1666,13.01,1538.5,24:1SPM
T305,15,22:0SPM,2.00E+05,7.85E+04,2.5482,13.03,941.3,24:1SPM
T306,16,22:0SPM,3.04E+05,6.62E+04,4.5889,13.03,1694.3,24:1SPM
T307,17,22:0SPM,2.34E+05,8.42E+04,2.78,13.03,1026.8,24:1SPM
T308,18,22:0SPM,1.54E+04,7.58E+04,0.2038,13.31,76.2,24:1SPM
T309,19,22:0SPM,3.14E+05,6.81E+04,4.6104,13.01,1702.3,24:1SPM
T311,20,22:0SPM,2.70E+05,6.08E+04,4.4354,13.02,1637.7,24:1SPM
T312,21,22:0SPM,2.55E+05,6.67E+04,3.8226,13.04,1411.5,24:1SPM
T400,22,22:0SPM,4.32E+05,5.57E+04,7.7554,13.02,2862.8,24:1SPM
T401,23,22:0SPM,5.40E+05,6.60E+04,8.187,13.01,3022.0,24:1SPM
T402,24,22:0SPM,5.82E+05,5.91E+04,9.8442,13.01,3633.5,24:1SPM
T404,25,22:0SPM,5.72E+05,7.07E+04,8.0857,13.04,2984.6,24:1SPM
T405,26,22:0SPM,5.11E+05,6.66E+04,7.6686,13.02,2830.7,24:1SPM
T406,27,22:0SPM,4.28E+05,6.37E+04,6.7173,13.15,2479.7,24:1SPM
T407,28,22:0SPM,3.76E+05,7.00E+04,5.3611,13.01,1979.3,24:1SPM
T408,29,22:0SPM,3.98E+05,7.15E+04,5.5685,13.21,2055.8,24:1SPM
T500,30,22:0SPM,3.23E+05,6.63E+04,4.8787,13.04,1801.3,24:1SPM
T501,31,22:0SPM,3.00E+05,7.02E+04,4.2772,13.17,1579.3,24:1SPM
T502,32,22:0SPM,1.22E+04,7.14E+04,0.1707,13.4,64.0,24:1SPM
T503,33,22:0SPM,2.56E+05,7.61E+04,3.3702,13.19,1244.6,24:1SPM
T504,34,22:0SPM,3.20E+05,6.84E+04,4.6706,13.1,1724.5,24:1SPM
T505,35,22:0SPM,2.25E+05,7.00E+04,3.2145,13.04,1187.2,24:1SPM
T506,36,22:0SPM,2.54E+05,7.35E+04,3.4594,13.04,1277.5,24:1SPM
T101,1,23:0SPM,1.63E+05,7.17E+04,2.2679,12.91,837.9,24:1SPM
T103,2,23:0SPM,1.33E+05,5.98E+04,2.2302,13.07,823.9,24:1SPM
T104,3,23:0SPM,1.70E+05,4.80E+04,3.5456,12.9,1309.3,24:1SPM
T105,4,23:0SPM,1.52E+05,8.09E+04,1.8795,12.91,694.5,24:1SPM
T106,5,23:0SPM,1.49E+05,6.49E+04,2.2984,13.1,849.1,24:1SPM
T107,6,23:0SPM,1.55E+05,5.75E+04,2.7008,13.1,997.6,24:1SPM
T108,7,23:0SPM,1.43E+05,5.31E+04,2.6852,13.11,991.8,24:1SPM
T109,8,23:0SPM,1.43E+05,6.09E+04,2.3467,13.11,866.9,24:1SPM
T201,9,23:0SPM,7.37E+04,5.57E+04,1.3216,13.11,488.7,24:1SPM
T202,10,23:0SPM,1.01E+05,6.17E+04,1.6367,12.94,604.9,24:1SPM
T203,11,23:0SPM,1.11E+05,6.29E+04,1.7578,12.85,649.6,24:1SPM
T204,12,23:0SPM,9.66E+04,6.55E+04,1.4746,12.94,545.1,24:1SPM
T205,13,23:0SPM,9.84E+04,6.09E+04,1.615,12.93,596.9,24:1SPM
T304,14,23:0SPM,1.88E+05,6.49E+04,2.8942,12.95,1069.0,24:1SPM
T305,15,23:0SPM,1.10E+05,7.85E+04,1.3936,12.96,515.2,24:1SPM
T306,16,23:0SPM,1.75E+05,6.62E+04,2.6414,12.97,975.7,24:1SPM
T307,17,23:0SPM,1.36E+05,8.42E+04,1.6193,12.97,598.5,24:1SPM
T308,18,23:0SPM,1.37E+05,7.58E+04,1.8085,12.94,668.3,24:1SPM
T309,19,23:0SPM,1.94E+05,6.81E+04,2.85,12.95,1052.7,24:1SPM
T311,20,23:0SPM,1.73E+05,6.08E+04,2.8519,12.95,1053.4,24:1SPM
T312,21,23:0SPM,1.78E+05,6.67E+04,2.6652,12.98,984.5,24:1SPM
T400,22,23:0SPM,1.08E+05,5.57E+04,1.9379,12.96,716.1,24:1SPM
T401,23,23:0SPM,7.30E+04,6.60E+04,1.1057,12.95,409.0,24:1SPM
T402,24,23:0SPM,8.99E+04,5.91E+04,1.5213,12.96,562.4,24:1SPM
T404,25,23:0SPM,1.00E+05,7.07E+04,1.4134,12.97,522.5,24:1SPM
T405,26,23:0SPM,1.03E+05,6.66E+04,1.5444,12.96,570.9,24:1SPM
T406,27,23:0SPM,1.12E+05,6.37E+04,1.7561,13.08,649.0,24:1SPM
T407,28,23:0SPM,9.53E+04,7.00E+04,1.3611,12.95,503.2,24:1SPM
T408,29,23:0SPM,8.10E+04,7.15E+04,1.1331,13.14,419.1,24:1SPM
T500,30,23:0SPM,1.95E+05,6.63E+04,2.9384,12.98,1085.3,24:1SPM
T501,31,23:0SPM,2.17E+05,7.02E+04,3.0927,13.11,1142.2,24:1SPM
T502,32,23:0SPM,1.90E+05,7.14E+04,2.6597,13.02,982.4,24:1SPM
T503,33,23:0SPM,1.64E+05,7.61E+04,2.1549,13.13,796.2,24:1SPM
T504,34,23:0SPM,2.01E+05,6.84E+04,2.9339,13.04,1083.6,24:1SPM
T505,35,23:0SPM,1.43E+05,7.00E+04,2.0429,12.97,754.8,24:1SPM
T506,36,23:0SPM,1.57E+05,7.35E+04,2.1313,12.98,787.5,24:1SPM
T101,1,24:0SPM,2.22E+05,7.17E+04,3.0909,12.87,1141.5,24:1SPM
T103,2,24:0SPM,1.94E+05,5.98E+04,3.2372,13.04,1195.5,24:1SPM
T104,3,24:0SPM,2.41E+05,4.80E+04,5.018,12.86,1852.7,24:1SPM
T105,4,24:0SPM,2.39E+05,8.09E+04,2.9478,12.88,1088.7,24:1SPM
T106,5,24:0SPM,2.16E+05,6.49E+04,3.3368,13.06,1232.3,24:1SPM
T107,6,24:0SPM,2.92E+05,5.75E+04,5.0665,13.05,1870.6,24:1SPM
T108,7,24:0SPM,2.53E+05,5.31E+04,4.771,13.07,1761.5,24:1SPM
T109,8,24:0SPM,2.21E+05,6.09E+04,3.6199,13.07,1336.8,24:1SPM
T201,9,24:0SPM,3.01E+05,5.57E+04,5.3964,13.06,1992.3,24:1SPM
T202,10,24:0SPM,2.56E+05,6.17E+04,4.1561,12.9,1534.6,24:1SPM
T203,11,24:0SPM,2.87E+05,6.29E+04,4.5598,12.82,1683.6,24:1SPM
T204,12,24:0SPM,3.10E+05,6.55E+04,4.7277,12.9,1745.5,24:1SPM
T205,13,24:0SPM,2.80E+05,6.09E+04,4.5934,12.9,1696.0,24:1SPM
T304,14,24:0SPM,2.73E+05,6.49E+04,4.2149,12.9,1556.3,24:1SPM
T305,15,24:0SPM,1.96E+05,7.85E+04,2.499,12.93,923.1,24:1SPM
T306,16,24:0SPM,2.57E+05,6.62E+04,3.8837,12.93,1434.1,24:1SPM
T307,17,24:0SPM,2.19E+05,8.42E+04,2.6053,12.93,962.4,24:1SPM
T308,18,24:0SPM,2.35E+05,7.58E+04,3.0985,12.9,1144.4,24:1SPM
T309,19,24:0SPM,2.67E+05,6.81E+04,3.9174,12.91,1446.5,24:1SPM
T311,20,24:0SPM,2.59E+05,6.08E+04,4.2634,12.91,1574.2,24:1SPM
T312,21,24:0SPM,2.31E+05,6.67E+04,3.4628,12.94,1278.8,24:1SPM
T400,22,24:0SPM,2.90E+05,5.57E+04,5.1935,12.92,1917.4,24:1SPM
T401,23,24:0SPM,2.81E+05,6.60E+04,4.2608,12.9,1573.2,24:1SPM
T402,24,24:0SPM,3.34E+05,5.91E+04,5.643,12.9,2083.3,24:1SPM
T404,25,24:0SPM,3.77E+05,7.07E+04,5.3311,12.94,1968.2,24:1SPM
T405,26,24:0SPM,3.35E+05,6.66E+04,5.0203,12.92,1853.5,24:1SPM
T406,27,24:0SPM,2.90E+05,6.37E+04,4.5514,13.05,1680.5,24:1SPM
T407,28,24:0SPM,2.74E+05,7.00E+04,3.916,12.91,1446.0,24:1SPM
T408,29,24:0SPM,2.80E+05,7.15E+04,3.9227,13.1,1448.5,24:1SPM
T500,30,24:0SPM,2.89E+05,6.63E+04,4.3631,12.93,1611.0,24:1SPM
T501,31,24:0SPM,3.10E+05,7.02E+04,4.4158,13.06,1630.4,24:1SPM
T502,32,24:0SPM,2.41E+05,7.14E+04,3.3705,12.97,1244.7,24:1SPM
T503,33,24:0SPM,2.42E+05,7.61E+04,3.1767,13.08,1173.2,24:1SPM
T504,34,24:0SPM,2.84E+05,6.84E+04,4.149,13,1532.0,24:1SPM
T505,35,24:0SPM,2.41E+05,7.00E+04,3.4389,12.93,1270.0,24:1SPM
T506,36,24:0SPM,2.57E+05,7.35E+04,3.4959,12.94,1291.0,24:1SPM
T101,1,24:1SPM,1.89E+05,7.17E+04,2.6437,12.93,976.5,24:1SPM
T103,2,24:1SPM,1.98E+05,5.98E+04,3.3165,13.08,1224.8,24:1SPM
T104,3,24:1SPM,2.12E+05,4.80E+04,4.4264,12.92,1634.4,24:1SPM
T105,4,24:1SPM,2.35E+05,8.09E+04,2.9017,12.94,1071.7,24:1SPM
T106,5,24:1SPM,2.50E+05,6.49E+04,3.8539,13.11,1423.1,24:1SPM
T107,6,24:1SPM,3.31E+05,5.75E+04,5.7584,13.11,2125.9,24:1SPM
T108,7,24:1SPM,2.75E+05,5.31E+04,5.1772,13.13,1911.4,24:1SPM
T109,8,24:1SPM,2.42E+05,6.09E+04,3.9679,13.13,1465.2,24:1SPM
T201,9,24:1SPM,2.21E+05,5.57E+04,3.9667,13.12,1464.7,24:1SPM
T202,10,24:1SPM,1.98E+05,6.17E+04,3.2058,12.96,1183.9,24:1SPM
T203,11,24:1SPM,2.38E+05,6.29E+04,3.7821,12.88,1396.6,24:1SPM
T204,12,24:1SPM,3.09E+05,6.55E+04,4.7128,12.95,1740.0,24:1SPM
T205,13,24:1SPM,2.09E+05,6.09E+04,3.4236,12.95,1264.3,24:1SPM
T304,14,24:1SPM,2.96E+05,6.49E+04,4.564,12.96,1685.1,24:1SPM
T305,15,24:1SPM,2.41E+05,7.85E+04,3.0707,12.98,1134.1,24:1SPM
T306,16,24:1SPM,2.64E+05,6.62E+04,3.987,12.99,1472.2,24:1SPM
T307,17,24:1SPM,2.32E+05,8.42E+04,2.761,12.98,1019.8,24:1SPM
T308,18,24:1SPM,2.35E+05,7.58E+04,3.1017,12.96,1145.5,24:1SPM
T309,19,24:1SPM,2.31E+05,6.81E+04,3.3858,12.97,1250.4,24:1SPM
T311,20,24:1SPM,2.74E+05,6.08E+04,4.5052,12.97,1663.4,24:1SPM
T312,21,24:1SPM,2.29E+05,6.67E+04,3.4365,13,1269.1,24:1SPM
T400,22,24:1SPM,2.99E+05,5.57E+04,5.3634,12.97,1980.1,24:1SPM
T401,23,24:1SPM,1.90E+05,6.60E+04,2.8854,12.96,1065.7,24:1SPM
T402,24,24:1SPM,2.65E+05,5.91E+04,4.4855,12.96,1656.2,24:1SPM
T404,25,24:1SPM,3.68E+05,7.07E+04,5.2047,12.99,1921.5,24:1SPM
T405,26,24:1SPM,2.23E+05,6.66E+04,3.3454,12.98,1235.5,24:1SPM
T406,27,24:1SPM,2.48E+05,6.37E+04,3.8868,13.1,1435.2,24:1SPM
T407,28,24:1SPM,3.17E+05,7.00E+04,4.527,12.96,1671.5,24:1SPM
T408,29,24:1SPM,2.85E+05,7.15E+04,3.9826,13.16,1470.6,24:1SPM
T500,30,24:1SPM,3.42E+05,6.63E+04,5.1665,12.99,1907.5,24:1SPM
T501,31,24:1SPM,2.89E+05,7.02E+04,4.116,13.12,1519.8,24:1SPM
T502,32,24:1SPM,2.12E+05,7.14E+04,2.9658,13.03,1095.4,24:1SPM
T503,33,24:1SPM,2.48E+05,7.61E+04,3.2585,13.14,1203.4,24:1SPM
T504,34,24:1SPM,3.09E+05,6.84E+04,4.5184,13.05,1668.3,24:1SPM
T505,35,24:1SPM,2.71E+05,7.00E+04,3.871,12.99,1429.4,24:1SPM
T506,36,24:1SPM,2.65E+05,7.35E+04,3.6024,13,1330.3,24:1SPM
T101,1,24:2SPM,9.85E+04,7.17E+04,1.3752,12.98,508.5,24:1SPM
T103,2,24:2SPM,1.18E+05,5.98E+04,1.9756,13.14,730.0,24:1SPM
T104,3,24:2SPM,1.38E+05,4.80E+04,2.8681,12.98,1059.3,24:1SPM
T105,4,24:2SPM,1.08E+05,8.09E+04,1.335,12.99,493.6,24:1SPM
T106,5,24:2SPM,1.35E+05,6.49E+04,2.0807,13.18,768.8,24:1SPM
T107,6,24:2SPM,1.85E+05,5.75E+04,3.207,13.17,1184.4,24:1SPM
T108,7,24:2SPM,1.45E+05,5.31E+04,2.7246,13.19,1006.4,24:1SPM
T109,8,24:2SPM,1.38E+05,6.09E+04,2.2667,13.19,837.4,24:1SPM
T201,9,24:2SPM,4.51E+04,5.57E+04,0.8089,13.18,299.5,24:1SPM
T202,10,24:2SPM,4.75E+04,6.17E+04,0.769,13.02,284.8,24:1SPM
T203,11,24:2SPM,5.55E+04,6.29E+04,0.8829,12.93,326.8,24:1SPM
T204,12,24:2SPM,8.20E+04,6.55E+04,1.2522,13.02,463.1,24:1SPM
T205,13,24:2SPM,5.32E+04,6.09E+04,0.8728,13.01,323.1,24:1SPM
T304,14,24:2SPM,1.81E+05,6.49E+04,2.7869,13.02,1029.4,24:1SPM
T305,15,24:2SPM,1.38E+05,7.85E+04,1.7569,13.04,649.3,24:1SPM
T306,16,24:2SPM,1.78E+05,6.62E+04,2.6823,13.05,990.8,24:1SPM
T307,17,24:2SPM,1.51E+05,8.42E+04,1.7967,13.04,664.0,24:1SPM
T308,18,24:2SPM,1.34E+05,7.58E+04,1.7667,13.02,652.9,24:1SPM
T309,19,24:2SPM,1.41E+05,6.81E+04,2.0671,13.03,763.8,24:1SPM
T311,20,24:2SPM,1.41E+05,6.08E+04,2.3102,13.03,853.5,24:1SPM
T312,21,24:2SPM,1.19E+05,6.67E+04,1.7861,13.06,660.1,24:1SPM
T400,22,24:2SPM,7.25E+04,5.57E+04,1.3004,13.03,480.8,24:1SPM
T401,23,24:2SPM,3.92E+04,6.60E+04,0.5944,13.02,220.3,24:1SPM
T402,24,24:2SPM,6.90E+04,5.91E+04,1.1679,13.04,432.0,24:1SPM
T404,25,24:2SPM,7.97E+04,7.07E+04,1.1266,13.05,416.7,24:1SPM
T405,26,24:2SPM,5.13E+04,6.66E+04,0.7693,13.03,284.9,24:1SPM
T406,27,24:2SPM,6.62E+04,6.37E+04,1.0389,13.16,384.4,24:1SPM
T407,28,24:2SPM,8.26E+04,7.00E+04,1.1795,13.02,436.2,24:1SPM
T408,29,24:2SPM,8.03E+04,7.15E+04,1.1235,13.22,415.6,24:1SPM
T500,30,24:2SPM,1.80E+05,6.63E+04,2.7226,13.05,1005.6,24:1SPM
T501,31,24:2SPM,1.47E+05,7.02E+04,2.0941,13.19,773.7,24:1SPM
T502,32,24:2SPM,1.18E+05,7.14E+04,1.6586,13.09,613.0,24:1SPM
T503,33,24:2SPM,1.47E+05,7.61E+04,1.929,13.21,712.8,24:1SPM
T504,34,24:2SPM,1.59E+05,6.84E+04,2.3151,13.12,855.3,24:1SPM
T505,35,24:2SPM,1.55E+05,7.00E+04,2.2123,13.05,817.3,24:1SPM
T506,36,24:2SPM,1.64E+05,7.35E+04,2.2336,13.05,825.2,24:1SPM
T101,1,24:3SPM,1.13E+04,7.17E+04,0.1583,13.05,59.4,24:1SPM
T103,2,24:3SPM,1.45E+04,5.98E+04,0.2417,13.2,90.2,24:1SPM
T104,3,24:3SPM,1.51E+04,4.80E+04,0.3138,13.02,116.8,24:1SPM
T105,4,24:3SPM,1.44E+04,8.09E+04,0.1783,13.06,66.8,24:1SPM
T106,5,24:3SPM,1.72E+04,6.49E+04,0.2656,13.22,99.0,24:1SPM
T107,6,24:3SPM,1.72E+04,5.75E+04,0.2981,13.22,111.0,24:1SPM
T108,7,24:3SPM,1.77E+04,5.31E+04,0.3337,13.24,124.1,24:1SPM
T109,8,24:3SPM,1.61E+04,6.09E+04,0.2635,13.24,98.2,24:1SPM
T201,9,24:3SPM,1.65E+03,5.57E+04,0.0296,13.13,11.9,24:1SPM
T202,10,24:3SPM,8.87E+03,6.17E+04,0.1438,13.08,54.1,24:1SPM
T203,11,24:3SPM,7.24E+03,6.29E+04,0.1151,13.01,43.5,24:1SPM
T204,12,24:3SPM,8.08E+03,6.55E+04,0.1234,13.07,46.5,24:1SPM
T205,13,24:3SPM,5.18E+03,6.09E+04,0.085,13.09,32.4,24:1SPM
T304,14,24:3SPM,2.10E+04,6.49E+04,0.3235,13.08,120.4,24:1SPM
T305,15,24:3SPM,1.39E+04,7.85E+04,0.1773,13.09,66.4,24:1SPM
T306,16,24:3SPM,2.40E+04,6.62E+04,0.3624,13.1,134.7,24:1SPM
T307,17,24:3SPM,1.87E+04,8.42E+04,0.2223,13.1,83.0,24:1SPM
T308,18,24:3SPM,1.40E+04,7.58E+04,0.1846,13.07,69.1,24:1SPM
T309,19,24:3SPM,1.46E+04,6.81E+04,0.2143,13.08,80.1,24:1SPM
T311,20,24:3SPM,1.70E+04,6.08E+04,0.2803,13.09,104.4,24:1SPM
T312,21,24:3SPM,1.67E+04,6.67E+04,0.2505,13.11,93.4,24:1SPM
T400,22,24:3SPM,5.91E+03,5.57E+04,0.1059,13.09,40.1,24:1SPM
T401,23,24:3SPM,4.20E+03,6.60E+04,0.0637,13.06,24.5,24:1SPM
T402,24,24:3SPM,3.88E+03,5.91E+04,0.0656,13.07,25.2,24:1SPM
T404,25,24:3SPM,4.80E+03,7.07E+04,0.0679,13.09,26.1,24:1SPM
T405,26,24:3SPM,5.19E+03,6.66E+04,0.0779,13.08,29.7,24:1SPM
T406,27,24:3SPM,6.12E+03,6.37E+04,0.096,13.23,36.4,24:1SPM
T407,28,24:3SPM,7.08E+03,7.00E+04,0.1011,13.08,38.3,24:1SPM
T408,29,24:3SPM,7.71E+03,7.15E+04,0.1078,13.27,40.8,24:1SPM
T500,30,24:3SPM,1.64E+04,6.63E+04,0.247,13.11,92.1,24:1SPM
T501,31,24:3SPM,2.10E+04,7.02E+04,0.2995,13.24,111.5,24:1SPM
T502,32,24:3SPM,1.18E+04,7.14E+04,0.1656,13.13,62.1,24:1SPM
T503,33,24:3SPM,1.54E+04,7.61E+04,0.203,13.26,75.9,24:1SPM
T504,34,24:3SPM,1.72E+04,6.84E+04,0.2517,13.16,93.9,24:1SPM
T505,35,24:3SPM,1.80E+04,7.00E+04,0.2572,13.1,95.9,24:1SPM
T506,36,24:3SPM,1.79E+04,7.35E+04,0.2441,13.1,91.1,24:1SPM
T101,1,24:4SPM,3.73E+04,7.17E+04,0.5209,13.21,193.2,24:1SPM
T103,2,24:4SPM,3.74E+04,5.98E+04,0.6256,13.36,231.8,24:1SPM
T104,3,24:4SPM,3.75E+04,4.80E+04,0.7824,13.18,289.7,24:1SPM
T105,4,24:4SPM,3.69E+04,8.09E+04,0.4558,13.21,169.2,24:1SPM
T106,5,24:4SPM,3.02E+04,6.49E+04,0.465,13.38,172.6,24:1SPM
T107,6,24:4SPM,1.91E+03,5.75E+04,0.0331,13.06,13.2,24:1SPM
T108,7,24:4SPM,1.09E+04,5.31E+04,0.2044,13.36,76.4,24:1SPM
T109,8,24:4SPM,3.47E+03,6.09E+04,0.0569,13.35,22.0,24:1SPM
T201,9,24:4SPM,7.66E+03,5.57E+04,0.1374,13.42,51.7,24:1SPM
T202,10,24:4SPM,1.88E+04,6.17E+04,0.3039,13.22,113.1,24:1SPM
T203,11,24:4SPM,2.84E+04,6.29E+04,0.4512,13.14,167.5,24:1SPM
T204,12,24:4SPM,2.49E+04,6.55E+04,0.3804,13.24,141.4,24:1SPM
T205,13,24:4SPM,3.71E+04,6.09E+04,0.6091,13.23,225.8,24:1SPM
T304,14,24:4SPM,2.51E+04,6.49E+04,0.3875,13.23,144.0,24:1SPM
T305,15,24:4SPM,1.30E+04,7.85E+04,0.1656,13.21,62.1,24:1SPM
T306,16,24:4SPM,2.19E+04,6.62E+04,0.3306,13.28,123.0,24:1SPM
T307,17,24:4SPM,9.92E+03,8.42E+04,0.1178,13.25,44.5,24:1SPM
T308,18,24:4SPM,5.27E+04,7.58E+04,0.6959,13.24,257.8,24:1SPM
T309,19,24:4SPM,5.07E+04,6.81E+04,0.7442,13.24,275.6,24:1SPM
T311,20,24:4SPM,4.16E+04,6.08E+04,0.6841,13.24,253.4,24:1SPM
T312,21,24:4SPM,3.32E+04,6.67E+04,0.4978,13.28,184.7,24:1SPM
T400,22,24:4SPM,1.47E+04,5.57E+04,0.264,13.26,98.4,24:1SPM
T401,23,24:4SPM,1.21E+04,6.60E+04,0.1833,13.23,68.6,24:1SPM
T402,24,24:4SPM,6.15E+03,5.91E+04,0.1041,13.19,39.4,24:1SPM
T404,25,24:4SPM,1.07E+04,7.07E+04,0.1509,13.23,56.7,24:1SPM
T405,26,24:4SPM,2.36E+04,6.66E+04,0.3537,13.26,131.5,24:1SPM
T406,27,24:4SPM,2.68E+04,6.37E+04,0.421,13.39,156.3,24:1SPM
T407,28,24:4SPM,1.01E+04,7.00E+04,0.1434,13.21,53.9,24:1SPM
T408,29,24:4SPM,1.12E+04,7.15E+04,0.1573,13.44,59.0,24:1SPM
T500,30,24:4SPM,1.15E+04,6.63E+04,0.1731,13.22,64.9,24:1SPM
T501,31,24:4SPM,3.93E+04,7.02E+04,0.5597,13.42,207.5,24:1SPM
T502,32,24:4SPM,2.12E+04,7.14E+04,0.2966,13.3,110.4,24:1SPM
T503,33,24:4SPM,1.62E+04,7.61E+04,0.2133,13.4,79.7,24:1SPM
T504,34,24:4SPM,1.49E+04,6.84E+04,0.2179,13.35,81.4,24:1SPM
T505,35,24:4SPM,2.88E+04,7.00E+04,0.4117,13.27,152.9,24:1SPM
T506,36,24:4SPM,6.63E+03,7.35E+04,0.0902,13.36,34.3,24:1SPM
